Timestamp,Power (mW),Bus Voltage (V),Load Voltage (V),Current (mA)
23:36:28.657,86.00,5.00,5.00,17.50
23:36:28.671,86.00,5.00,5.01,17.30
23:36:28.684,88.00,5.00,5.01,17.50
23:36:28.697,88.00,5.00,5.00,17.60
23:36:28.710,88.00,5.00,5.01,17.50
23:36:28.723,88.00,5.01,5.01,17.60
23:36:28.736,88.00,5.00,5.00,17.40
23:36:28.749,88.00,5.00,5.01,17.50
23:36:28.762,86.00,5.00,5.01,17.30
23:36:28.775,88.00,5.00,5.00,17.70
23:36:28.788,88.00,5.00,5.01,17.30
23:36:28.801,88.00,5.00,5.00,17.50
23:36:28.814,88.00,5.00,5.01,17.20
23:36:28.827,88.00,5.00,5.01,17.50
23:36:28.840,88.00,5.00,5.00,17.40
23:36:28.853,88.00,5.00,5.01,17.20
23:36:28.866,88.00,5.01,5.01,17.60
23:36:28.879,88.00,5.00,5.00,17.50
23:36:28.892,86.00,5.00,5.01,17.50
23:36:28.905,86.00,5.01,5.01,17.20
23:36:28.918,88.00,5.00,5.00,17.50
23:36:28.931,88.00,5.00,5.01,17.30
23:36:28.944,88.00,5.00,5.01,17.50
23:36:28.957,88.00,5.00,5.00,17.40
23:36:28.970,88.00,5.00,5.01,17.50
23:36:28.983,86.00,5.00,5.01,17.30
23:36:28.996,88.00,5.00,5.00,17.40
23:36:29.009,88.00,5.00,5.01,17.60
23:36:29.022,88.00,5.00,5.01,17.40
23:36:29.035,88.00,5.00,5.00,17.30
23:36:29.048,88.00,5.01,5.01,17.40
23:36:29.061,86.00,5.00,5.00,17.20
23:36:29.074,88.00,5.00,5.00,17.50
23:36:29.087,86.00,5.00,5.00,17.30
23:36:29.100,86.00,5.00,5.00,17.70
23:36:29.113,88.00,5.00,5.01,17.40
23:36:29.126,88.00,5.01,5.01,17.60
23:36:29.139,88.00,5.00,5.00,17.40
23:36:29.152,86.00,5.00,5.01,17.20
23:36:29.165,86.00,5.00,5.01,17.30
23:36:29.178,88.00,5.00,5.00,17.60
23:36:29.191,88.00,5.00,5.00,17.60
23:36:29.204,88.00,5.00,5.01,17.60
23:36:29.217,88.00,5.00,5.00,17.50
23:36:29.230,86.00,5.01,5.01,17.30
23:36:29.243,88.00,5.00,5.01,17.30
23:36:29.256,86.00,5.00,5.00,17.50
23:36:29.269,88.00,5.01,5.01,17.60
23:36:29.282,88.00,5.00,5.01,17.40
23:36:29.295,88.00,4.99,4.99,17.40
23:36:29.323,88.00,5.00,5.00,17.40
23:36:29.336,86.00,5.00,5.00,17.30
23:36:29.349,86.00,5.00,5.01,17.40
23:36:29.362,88.00,5.00,5.01,17.60
23:36:29.375,88.00,5.00,5.01,17.50
23:36:29.388,88.00,5.00,5.01,17.30
23:36:29.401,88.00,5.00,5.00,17.50
23:36:29.414,86.00,5.00,5.01,17.30
23:36:29.427,88.00,5.00,5.01,17.30
23:36:29.440,88.00,5.00,5.00,17.40
23:36:29.453,86.00,5.00,5.01,17.30
23:36:29.466,88.00,5.00,5.01,17.20
23:36:29.479,88.00,5.00,5.00,17.50
23:36:29.492,88.00,5.01,5.01,17.70
23:36:29.505,88.00,4.99,4.99,17.50
23:36:29.518,88.00,4.98,4.99,17.70
23:36:29.531,88.00,5.00,5.00,17.30
23:36:29.544,88.00,5.00,5.00,17.60
23:36:29.557,88.00,4.99,4.99,17.50
23:36:29.570,86.00,5.00,5.00,17.50
23:36:29.583,86.00,5.00,5.01,17.30
23:36:29.596,86.00,5.00,5.00,17.30
23:36:29.609,86.00,5.00,5.01,17.50
23:36:29.622,88.00,5.00,5.01,17.50
23:36:29.635,88.00,5.00,5.00,17.40
23:36:29.648,88.00,5.00,5.01,17.60
23:36:29.661,88.00,5.00,5.01,17.50
23:36:29.674,88.00,5.00,5.00,17.60
23:36:29.687,88.00,5.00,5.01,17.40
23:36:29.700,86.00,5.00,5.00,17.20
23:36:29.848,86.00,5.00,5.00,17.40
23:36:29.861,88.00,5.00,5.00,17.60
23:36:29.874,86.00,4.99,4.99,17.30
23:36:29.887,86.00,4.99,4.99,17.30
23:36:29.900,88.00,5.01,5.01,17.40
23:36:29.913,88.00,5.00,5.00,17.40
23:36:29.926,88.00,5.00,5.01,17.40
23:36:29.939,88.00,5.00,5.00,17.50
23:36:29.952,88.00,5.00,5.00,17.30
23:36:29.965,88.00,5.01,5.01,17.40
23:36:29.978,88.00,5.00,5.01,17.60
23:36:29.991,88.00,5.00,5.00,17.60
23:36:30.004,88.00,5.00,5.01,17.50
23:36:30.017,88.00,5.00,5.01,17.40
23:36:30.030,88.00,5.00,5.00,17.40
23:36:30.043,88.00,5.00,5.00,17.70
23:36:30.056,86.00,5.00,5.01,17.30
23:36:30.069,88.00,5.00,5.00,17.30
23:36:30.082,88.00,5.01,5.01,17.40
23:36:30.095,86.00,5.00,5.00,17.40
23:36:30.123,88.00,5.01,5.01,17.60
23:36:30.136,88.00,5.00,5.00,17.70
23:36:30.149,88.00,5.01,5.01,17.70
23:36:30.162,88.00,5.00,5.01,17.40
23:36:30.175,88.00,5.00,5.00,17.50
23:36:30.188,86.00,5.01,5.01,17.20
23:36:30.201,88.00,5.00,5.01,17.50
23:36:30.214,88.00,5.00,5.00,17.40
23:36:30.227,86.00,5.01,5.01,17.30
23:36:30.240,88.00,5.00,5.01,17.50
23:36:30.253,88.00,5.00,5.00,17.50
23:36:30.266,88.00,5.01,5.01,17.40
23:36:30.279,86.00,5.00,5.01,17.50
23:36:30.292,88.00,5.00,5.00,17.50
23:36:30.305,88.00,5.00,5.01,17.60
23:36:30.318,88.00,5.00,5.01,17.50
23:36:30.331,88.00,5.00,5.00,17.40
23:36:30.344,88.00,5.01,5.01,17.60
23:36:30.357,88.00,5.00,5.01,17.60
23:36:30.370,88.00,5.00,5.00,17.70
23:36:30.383,86.00,5.00,5.01,17.70
23:36:30.396,88.00,5.00,5.00,17.40
23:36:30.409,88.00,5.00,5.01,18.00
23:36:30.422,88.00,5.00,5.01,17.50
23:36:30.435,88.00,5.00,5.00,17.60
23:36:30.448,86.00,5.00,5.01,17.30
23:36:30.461,88.00,5.00,5.01,17.30
23:36:30.474,88.00,5.00,5.00,17.50
23:36:30.487,88.00,5.00,5.01,17.40
23:36:30.500,86.00,5.00,5.01,17.30
23:36:30.513,88.00,5.00,5.00,17.60
23:36:30.526,88.00,5.01,5.01,17.70
23:36:30.539,88.00,5.00,5.01,17.40
23:36:30.552,88.00,5.00,5.00,17.50
23:36:30.565,88.00,5.00,5.01,17.60
23:36:30.578,86.00,5.00,5.01,17.30
23:36:30.591,88.00,5.00,5.00,17.40
23:36:30.604,86.00,5.01,5.01,17.60
23:36:30.617,88.00,5.00,5.01,17.50
23:36:30.630,88.00,5.00,5.00,17.40
23:36:30.643,88.00,5.00,5.01,17.50
23:36:30.656,86.00,4.99,4.99,17.30
23:36:30.669,88.00,5.00,5.00,17.60
23:36:30.682,88.00,5.01,5.01,17.50
23:36:30.695,88.00,5.00,5.00,17.50
23:36:30.708,88.00,5.00,5.01,17.40
23:36:30.721,88.00,5.00,5.01,17.60
23:36:30.734,88.00,5.00,5.00,17.50
23:36:30.747,86.00,5.00,5.01,17.20
23:36:30.760,88.00,5.00,5.00,17.50
23:36:30.787,88.00,4.99,4.99,17.30
23:36:30.800,88.00,5.00,5.00,17.60
23:36:30.813,88.00,4.99,4.99,17.60
23:36:30.826,88.00,4.99,4.99,17.50
23:36:30.839,86.00,5.00,5.00,17.30
23:36:30.852,88.00,4.98,4.99,17.20
23:36:30.865,88.00,5.00,5.00,17.40
23:36:30.878,88.00,5.00,5.01,17.60
23:36:30.891,86.00,5.00,5.00,17.50
23:36:30.904,88.00,5.01,5.01,17.40
23:36:30.917,88.00,5.00,5.01,17.40
23:36:30.930,88.00,5.00,5.00,17.60
23:36:30.943,88.00,5.01,5.01,17.50
23:36:30.956,86.00,5.00,5.01,17.20
23:36:30.969,350.00,4.85,4.86,72.20
23:36:30.982,348.00,4.85,4.86,71.70
23:36:30.995,348.00,4.84,4.85,72.00
23:36:31.008,348.00,4.85,4.86,71.70
23:36:31.021,348.00,4.85,4.86,71.80
23:36:31.034,348.00,4.84,4.85,72.00
23:36:31.047,348.00,4.85,4.86,71.60
23:36:31.060,350.00,4.84,4.85,72.40
23:36:31.073,360.00,4.84,4.85,74.30
23:36:31.086,348.00,4.85,4.86,71.80
23:36:31.099,348.00,4.85,4.86,71.90
23:36:31.112,348.00,4.85,4.86,71.90
23:36:31.125,354.00,4.85,4.86,71.90
23:36:31.138,348.00,4.85,4.86,71.60
23:36:31.151,350.00,4.85,4.86,72.50
23:36:31.164,348.00,4.85,4.86,71.70
23:36:31.177,88.00,5.00,5.00,17.60
23:36:31.190,86.00,5.00,5.00,17.30
23:36:31.203,88.00,5.00,5.01,17.30
23:36:31.216,88.00,5.00,5.00,17.40
23:36:31.229,88.00,5.00,5.01,17.50
23:36:31.242,88.00,5.00,5.01,17.30
23:36:31.255,88.00,5.00,5.00,17.60
23:36:31.268,86.00,5.01,5.01,17.40
23:36:31.281,88.00,5.00,5.01,17.60
23:36:31.294,88.00,5.00,5.00,17.50
23:36:31.307,88.00,5.00,5.01,17.30
23:36:31.320,88.00,5.01,5.01,17.50
23:36:31.333,88.00,5.00,5.00,17.40
23:36:31.346,88.00,5.01,5.01,17.50
23:36:31.359,88.00,5.01,5.01,17.70
23:36:31.372,86.00,4.99,4.99,17.60
23:36:31.385,88.00,5.00,5.01,17.50
23:36:31.398,88.00,5.00,5.01,17.50
23:36:31.411,88.00,5.00,5.00,17.50
23:36:31.424,88.00,5.00,5.01,17.50
23:36:31.452,88.00,5.00,5.00,17.70
23:36:31.465,88.00,5.01,5.01,17.40
23:36:31.478,88.00,5.00,5.00,17.40
23:36:31.491,86.00,5.00,5.00,17.50
23:36:31.504,88.00,5.01,5.01,17.50
23:36:31.517,86.00,5.00,5.01,17.30
23:36:31.530,88.00,4.99,4.99,17.50
23:36:31.543,88.00,5.00,5.01,17.50
23:36:31.556,86.00,5.00,5.00,17.30
23:36:31.569,88.00,5.00,5.00,17.50
23:36:31.582,88.00,5.01,5.01,17.40
23:36:31.595,88.00,5.00,5.00,17.50
23:36:31.608,86.00,5.00,5.01,17.30
23:36:31.621,88.00,5.00,5.01,17.40
23:36:31.634,88.00,4.99,4.99,17.60
23:36:31.647,88.00,5.01,5.01,17.40
23:36:31.660,86.00,5.00,5.01,17.30
23:36:31.673,86.00,5.00,5.00,17.30
23:36:31.686,88.00,5.01,5.01,17.60
23:36:31.699,88.00,5.00,5.01,17.40
23:36:31.712,86.00,5.00,5.00,17.30
23:36:31.725,88.00,5.00,5.01,17.40
23:36:31.738,88.00,5.00,5.01,17.60
23:36:31.751,88.00,5.00,5.00,17.40
23:36:31.764,88.00,5.01,5.01,17.40
23:36:31.777,86.00,5.00,5.00,17.60
23:36:31.790,88.00,5.00,5.01,17.40
23:36:31.803,88.00,5.00,5.01,17.60
23:36:31.816,88.00,5.00,5.00,17.40
23:36:31.829,88.00,5.00,5.01,17.50
23:36:31.842,88.00,5.01,5.01,17.30
23:36:31.855,88.00,5.00,5.00,17.50
23:36:31.868,88.00,5.01,5.01,17.60
23:36:31.881,86.00,5.00,5.01,17.70
23:36:31.894,88.00,5.00,5.01,17.60
23:36:31.907,88.00,5.01,5.01,17.40
23:36:31.920,88.00,5.00,5.01,17.50
23:36:31.933,86.00,5.00,5.00,17.30
23:36:31.946,88.00,5.00,5.01,17.50
23:36:31.959,88.00,5.00,5.01,17.50
23:36:31.972,86.00,5.00,5.00,17.30
23:36:31.985,86.00,5.00,5.01,17.60
23:36:31.998,88.00,5.00,5.00,17.40
23:36:32.011,88.00,4.99,4.99,17.50
23:36:32.024,88.00,5.00,5.00,17.30
23:36:32.037,88.00,5.00,5.00,17.40
23:36:32.050,88.00,4.99,4.99,17.60
23:36:32.063,88.00,5.00,5.00,17.60
23:36:32.076,88.00,4.99,4.99,17.60
23:36:32.089,86.00,4.99,4.99,17.70
23:36:32.116,88.00,5.00,5.00,17.70
23:36:32.129,86.00,5.00,5.00,17.30
23:36:32.142,88.00,5.00,5.01,17.70
23:36:32.155,88.00,5.00,5.00,17.40
23:36:32.168,88.00,5.00,5.00,17.20
23:36:32.181,88.00,5.01,5.01,17.40
23:36:32.194,86.00,4.98,4.99,17.30
23:36:32.207,88.00,5.01,5.01,17.20
23:36:32.220,86.00,5.00,5.01,17.30
23:36:32.233,88.00,5.00,5.00,17.50
23:36:32.246,86.00,5.00,5.01,17.30
23:36:32.259,88.00,5.00,5.01,17.50
23:36:32.272,86.00,5.00,5.00,17.40
23:36:32.285,86.00,5.00,5.01,17.30
23:36:32.298,88.00,4.99,4.99,17.40
23:36:32.311,86.00,5.00,5.00,17.50
23:36:32.324,88.00,5.01,5.01,17.60
23:36:32.337,88.00,5.00,5.00,17.40
23:36:32.350,88.00,5.00,5.00,17.50
23:36:32.363,86.00,5.01,5.01,17.30
23:36:32.376,88.00,5.00,5.00,17.30
23:36:32.389,86.00,5.00,5.00,17.20
23:36:32.402,88.00,5.01,5.01,17.50
23:36:32.415,86.00,5.00,5.00,17.60
23:36:32.428,88.00,5.00,5.01,17.40
23:36:32.441,86.00,5.00,5.01,17.30
23:36:32.454,88.00,5.00,5.00,17.40
23:36:32.467,86.00,5.01,5.01,17.20
23:36:32.480,88.00,5.00,5.01,17.70
23:36:32.493,88.00,5.00,5.00,17.70
23:36:32.506,88.00,5.01,5.01,17.60
23:36:32.519,86.00,5.01,5.01,17.50
23:36:32.532,88.00,5.00,5.00,17.40
23:36:32.545,88.00,5.01,5.01,17.70
23:36:32.558,86.00,5.00,5.01,17.40
23:36:32.571,86.00,5.00,5.00,17.30
23:36:32.584,88.00,5.01,5.01,17.40
23:36:32.597,88.00,5.00,5.00,17.50
23:36:32.610,86.00,5.00,5.01,17.30
23:36:32.623,86.00,5.01,5.01,17.30
23:36:32.636,86.00,5.00,5.01,17.50
23:36:32.649,88.00,5.00,5.01,17.70
23:36:32.662,86.00,5.00,5.01,17.50
23:36:32.675,86.00,5.00,5.00,17.60
23:36:32.688,86.00,5.01,5.01,17.10
23:36:32.701,88.00,5.00,5.01,17.40
23:36:32.714,88.00,5.00,5.00,17.50
23:36:32.727,86.00,5.01,5.01,17.10
23:36:32.740,88.00,5.00,5.01,17.30
23:36:32.753,88.00,5.00,5.00,17.40
23:36:32.780,88.00,5.00,5.01,17.30
23:36:32.793,88.00,5.00,5.00,17.40
23:36:32.806,86.00,5.00,5.00,17.40
23:36:32.819,86.00,5.01,5.01,17.30
23:36:32.832,88.00,5.00,5.00,17.60
23:36:32.845,86.00,5.00,5.01,17.30
23:36:32.858,88.00,5.00,5.01,17.50
23:36:32.871,88.00,5.00,5.00,17.40
23:36:32.884,88.00,5.00,5.01,17.50
23:36:32.897,88.00,5.00,5.01,17.60
23:36:32.910,86.00,4.99,4.99,17.40
23:36:32.923,88.00,5.00,5.01,17.10
23:36:32.936,88.00,5.00,5.00,17.50
23:36:32.949,88.00,5.00,5.00,17.30
23:36:32.962,86.00,5.00,5.01,17.30
23:36:32.975,88.00,5.00,5.00,17.50
23:36:32.988,88.00,5.00,5.01,17.40
23:36:33.001,88.00,5.00,5.00,17.60
23:36:33.014,86.00,4.98,4.99,17.10
23:36:33.027,86.00,5.00,5.01,17.50
23:36:33.040,88.00,5.01,5.01,17.50
23:36:33.053,88.00,5.00,5.00,17.40
23:36:33.066,88.00,5.00,5.01,17.50
23:36:33.079,88.00,5.00,5.01,17.40
23:36:33.092,88.00,5.00,5.00,17.50
23:36:33.105,88.00,5.01,5.01,17.40
23:36:33.118,86.00,5.00,5.01,17.30
23:36:33.131,88.00,5.00,5.00,17.40
23:36:33.144,88.00,5.00,5.01,17.60
23:36:33.157,88.00,5.00,5.00,17.50
23:36:33.170,86.00,5.00,5.00,17.40
23:36:33.183,86.00,5.01,5.01,17.30
23:36:33.196,88.00,5.00,5.00,17.40
23:36:33.209,86.00,5.00,5.00,17.60
23:36:33.222,88.00,5.01,5.01,17.40
23:36:33.235,88.00,5.00,5.00,17.50
23:36:33.248,88.00,5.00,5.01,17.60
23:36:33.261,88.00,5.01,5.01,17.60
23:36:33.274,86.00,5.00,5.00,17.30
23:36:33.287,88.00,5.00,5.01,17.60
23:36:33.300,86.00,5.01,5.01,17.20
23:36:33.313,88.00,5.00,5.00,17.30
23:36:33.326,86.00,5.01,5.01,17.30
23:36:33.339,86.00,5.01,5.01,17.20
23:36:33.352,88.00,5.00,5.00,17.40
23:36:33.365,88.00,5.01,5.01,17.40
23:36:33.378,88.00,5.00,5.01,17.40
23:36:33.391,86.00,5.00,5.00,17.50
23:36:33.404,86.00,5.01,5.01,17.20
23:36:33.417,88.00,5.00,5.01,17.80
23:36:33.443,86.00,5.00,5.01,17.20
23:36:33.456,86.00,5.00,5.00,17.10
23:36:33.469,88.00,5.01,5.01,17.40
23:36:33.482,88.00,5.00,5.01,17.50
23:36:33.495,88.00,5.00,5.00,17.40
23:36:33.508,88.00,5.00,5.01,17.50
23:36:33.521,86.00,5.00,5.01,17.50
23:36:33.534,86.00,5.00,5.00,17.70
23:36:33.547,88.00,5.00,5.01,17.40
23:36:33.560,88.00,5.00,5.01,17.70
23:36:33.573,88.00,5.00,5.00,17.60
23:36:33.586,88.00,5.00,5.01,17.60
23:36:33.599,88.00,5.00,5.00,17.50
23:36:33.612,88.00,5.00,5.00,17.50
23:36:33.625,88.00,5.00,5.00,17.50
23:36:33.638,86.00,4.99,4.99,17.60
23:36:33.651,88.00,4.99,4.99,17.50
23:36:33.664,88.00,5.00,5.00,17.30
23:36:33.677,86.00,4.99,4.99,17.80
23:36:33.690,86.00,4.99,4.99,17.40
23:36:33.703,88.00,4.99,4.99,17.20
23:36:33.716,86.00,4.99,4.99,17.30
23:36:33.729,86.00,5.00,5.00,17.30
23:36:33.742,88.00,5.01,5.01,17.30
23:36:33.755,88.00,5.00,5.00,17.50
23:36:33.768,88.00,5.01,5.01,17.40
23:36:33.781,88.00,5.00,5.01,17.40
23:36:33.794,88.00,5.00,5.00,17.60
23:36:33.807,86.00,5.00,5.01,17.30
23:36:33.820,86.00,5.01,5.01,17.20
23:36:33.833,88.00,4.99,4.99,17.60
23:36:33.846,88.00,5.01,5.01,17.40
23:36:33.859,88.00,5.00,5.01,17.40
23:36:33.872,88.00,5.00,5.00,17.50
23:36:33.885,88.00,5.00,5.01,17.30
23:36:33.898,88.00,5.00,5.01,17.60
23:36:33.911,88.00,5.00,5.00,17.50
23:36:33.924,88.00,5.00,5.01,17.50
23:36:33.937,86.00,5.00,5.00,17.20
23:36:33.950,88.00,5.00,5.00,17.50
23:36:33.963,86.00,5.00,5.01,17.30
23:36:33.976,88.00,5.00,5.01,17.60
23:36:33.989,88.00,5.00,5.01,17.60
23:36:34.002,88.00,5.01,5.01,17.50
23:36:34.015,86.00,5.00,5.00,17.30
23:36:34.028,88.00,5.00,5.01,17.40
23:36:34.041,88.00,5.01,5.01,17.70
23:36:34.054,88.00,5.00,5.00,17.50
23:36:34.067,88.00,5.00,5.01,17.50
23:36:34.080,88.00,5.01,5.01,17.50
23:36:34.107,88.00,5.00,5.01,17.40
23:36:34.120,88.00,5.01,5.01,17.40
23:36:34.133,88.00,5.00,5.00,17.50
23:36:34.146,88.00,5.00,5.01,17.40
23:36:34.159,88.00,5.01,5.01,17.60
23:36:34.172,88.00,5.00,5.00,17.40
23:36:34.185,354.00,4.85,4.86,72.90
23:36:34.198,350.00,4.84,4.85,72.40
23:36:34.211,350.00,4.84,4.85,72.60
23:36:34.224,354.00,4.85,4.86,72.90
23:36:34.237,350.00,4.84,4.85,72.50
23:36:34.250,350.00,4.83,4.84,72.60
23:36:34.263,350.00,4.84,4.85,72.50
23:36:34.276,350.00,4.84,4.84,72.50
23:36:34.289,400.00,4.82,4.83,83.00
23:36:34.302,350.00,4.84,4.85,72.50
23:36:34.315,350.00,4.83,4.84,72.70
23:36:34.328,350.00,4.84,4.85,72.80
23:36:34.341,350.00,4.84,4.85,72.70
23:36:34.354,350.00,4.84,4.85,72.70
23:36:34.367,358.00,4.85,4.86,73.70
23:36:34.380,358.00,4.85,4.86,73.40
23:36:34.393,88.00,5.00,5.00,17.60
23:36:34.406,88.00,5.00,5.01,17.70
23:36:34.419,88.00,5.00,5.01,17.50
23:36:34.432,88.00,5.00,5.00,17.50
23:36:34.445,86.00,4.99,4.99,17.50
23:36:34.458,88.00,5.00,5.00,17.50
23:36:34.471,88.00,4.99,4.99,17.60
23:36:34.484,88.00,5.00,5.00,17.30
23:36:34.497,88.00,4.99,4.99,17.50
23:36:34.510,88.00,4.99,4.99,17.50
23:36:34.523,88.00,4.99,4.99,17.70
23:36:34.536,88.00,4.99,4.99,17.40
23:36:34.549,86.00,4.99,4.99,17.40
23:36:34.562,86.00,5.00,5.00,17.30
23:36:34.575,86.00,4.99,4.99,17.40
23:36:34.588,86.00,5.00,5.00,17.40
23:36:34.601,88.00,5.00,5.00,17.50
23:36:34.614,86.00,4.99,4.99,17.30
23:36:34.627,88.00,4.99,4.99,17.70
23:36:34.640,86.00,5.00,5.00,17.20
23:36:34.653,88.00,4.98,4.99,17.50
23:36:34.666,88.00,5.00,5.01,17.60
23:36:34.679,88.00,5.01,5.01,17.50
23:36:34.692,86.00,5.00,5.00,17.10
23:36:34.705,88.00,5.00,5.01,17.60
23:36:34.718,88.00,5.00,5.01,17.70
23:36:34.731,86.00,5.00,5.00,17.50
23:36:34.744,88.00,5.00,5.01,17.50
23:36:34.770,88.00,5.00,5.00,17.30
23:36:34.783,88.00,5.01,5.01,17.40
23:36:34.796,88.00,5.00,5.00,17.40
23:36:34.809,86.00,5.00,5.00,18.00
23:36:34.822,88.00,5.01,5.01,17.60
23:36:34.835,86.00,5.00,5.00,17.50
23:36:34.848,86.00,5.00,5.00,17.30
23:36:34.861,88.00,5.00,5.00,17.40
23:36:34.874,86.00,4.99,4.99,17.40
23:36:34.887,88.00,4.99,4.99,17.50
23:36:34.900,86.00,5.00,5.00,17.30
23:36:34.913,86.00,4.99,4.99,17.60
23:36:34.926,88.00,5.00,5.00,17.40
23:36:34.939,88.00,5.00,5.00,17.40
23:36:34.952,88.00,4.98,4.99,17.60
23:36:34.965,88.00,5.00,5.01,17.50
23:36:34.978,88.00,5.00,5.01,17.60
23:36:34.991,88.00,4.99,4.99,17.60
23:36:35.004,88.00,5.01,5.01,17.50
23:36:35.017,88.00,5.00,5.01,17.30
23:36:35.030,88.00,5.00,5.00,17.40
23:36:35.043,88.00,5.00,5.01,17.50
23:36:35.056,88.00,5.00,5.00,17.40
23:36:35.069,88.00,5.01,5.01,17.60
23:36:35.082,88.00,5.00,5.01,17.40
23:36:35.095,88.00,5.00,5.00,17.50
23:36:35.108,88.00,5.01,5.01,17.60
23:36:35.121,88.00,5.01,5.01,17.40
23:36:35.134,88.00,5.00,5.00,17.40
23:36:35.147,86.00,5.01,5.01,17.30
23:36:35.160,88.00,5.00,5.00,17.50
23:36:35.173,88.00,5.00,5.00,17.50
23:36:35.186,86.00,5.01,5.01,17.30
23:36:35.199,88.00,5.01,5.01,17.60
23:36:35.212,88.00,5.00,5.00,17.40
23:36:35.225,86.00,5.00,5.01,17.30
23:36:35.238,88.00,5.00,5.01,17.50
23:36:35.251,88.00,5.00,5.00,17.50
23:36:35.264,86.00,5.00,5.00,17.30
23:36:35.277,88.00,5.00,5.00,17.50
23:36:35.290,86.00,5.00,5.01,17.20
23:36:35.303,88.00,5.00,5.01,17.70
23:36:35.316,86.00,5.00,5.01,17.30
23:36:35.329,88.00,5.00,5.01,17.40
23:36:35.342,88.00,5.00,5.01,17.40
23:36:35.355,86.00,5.00,5.00,17.30
23:36:35.368,86.00,5.00,5.00,17.30
23:36:35.381,88.00,5.00,5.01,17.50
23:36:35.394,88.00,5.00,5.00,17.60
23:36:35.407,88.00,5.01,5.01,17.60
23:36:35.447,88.00,5.00,5.01,17.60
23:36:35.460,88.00,5.00,5.01,17.60
23:36:35.473,86.00,5.00,5.00,17.30
23:36:35.486,88.00,5.00,5.00,17.50
23:36:35.499,88.00,5.00,5.01,17.40
23:36:35.512,86.00,5.00,5.00,17.30
23:36:35.525,88.00,5.00,5.01,17.30
23:36:35.538,88.00,5.00,5.01,17.70
23:36:35.551,86.00,5.00,5.00,17.40
23:36:35.564,88.00,5.00,5.01,17.60
23:36:35.577,86.00,5.00,5.01,17.30
23:36:35.590,86.00,5.00,5.00,17.40
23:36:35.603,88.00,5.01,5.01,17.50
23:36:35.616,88.00,5.00,5.00,17.40
23:36:35.629,88.00,5.00,5.01,17.50
23:36:35.642,88.00,5.01,5.01,17.50
23:36:35.655,88.00,5.00,5.00,17.70
23:36:35.668,86.00,5.00,5.01,17.40
23:36:35.681,86.00,5.00,5.01,17.30
23:36:35.694,88.00,5.00,5.00,17.40
23:36:35.707,86.00,5.01,5.01,17.20
23:36:35.720,86.00,5.01,5.01,17.20
23:36:35.733,92.00,5.00,5.00,17.60
23:36:35.746,86.00,5.00,5.01,17.30
23:36:35.759,88.00,5.00,5.01,17.40
23:36:35.772,86.00,5.00,5.00,17.70
23:36:35.785,86.00,5.01,5.01,17.20
23:36:35.798,88.00,5.00,5.01,17.40
23:36:35.811,86.00,5.00,5.00,17.30
23:36:35.824,88.00,5.01,5.01,17.50
23:36:35.837,88.00,5.00,5.01,17.40
23:36:35.850,88.00,5.00,5.00,17.50
23:36:35.863,86.00,5.01,5.01,17.20
23:36:35.876,86.00,5.00,5.00,17.20
23:36:35.889,88.00,5.00,5.01,17.70
23:36:35.902,86.00,5.01,5.01,17.30
23:36:35.915,88.00,5.00,5.00,17.50
23:36:35.928,88.00,5.01,5.01,17.70
23:36:35.941,88.00,5.01,5.01,17.50
23:36:35.954,88.00,5.00,5.00,17.50
23:36:35.967,86.00,5.00,5.01,17.20
23:36:35.980,88.00,5.00,5.00,17.40
23:36:35.993,88.00,5.00,5.00,17.50
23:36:36.006,88.00,5.01,5.01,17.40
23:36:36.019,88.00,5.00,5.01,17.40
23:36:36.032,88.00,5.00,5.00,17.50
23:36:36.045,88.00,5.01,5.01,17.50
23:36:36.058,88.00,5.00,5.01,17.30
23:36:36.071,86.00,5.00,5.00,17.20
23:36:36.084,88.00,5.00,5.00,17.60
23:36:36.108,86.00,5.01,5.01,17.30
23:36:36.121,86.00,5.01,5.01,17.30
23:36:36.134,88.00,5.00,5.00,17.40
23:36:36.147,88.00,5.00,5.01,17.40
23:36:36.160,86.00,5.00,5.01,17.30
23:36:36.173,88.00,5.00,5.00,17.50
23:36:36.186,88.00,5.00,5.00,17.50
23:36:36.199,88.00,5.00,5.01,17.50
23:36:36.212,88.00,5.00,5.00,17.60
23:36:36.225,86.00,5.01,5.01,17.30
23:36:36.238,88.00,5.00,5.01,17.40
23:36:36.251,88.00,5.00,5.00,17.40
23:36:36.264,88.00,5.00,5.01,17.50
23:36:36.277,88.00,5.00,5.00,17.30
23:36:36.290,88.00,4.99,4.99,17.50
23:36:36.303,86.00,5.01,5.01,17.80
23:36:36.316,88.00,5.00,5.00,17.40
23:36:36.329,88.00,5.00,5.01,17.60
23:36:36.342,86.00,5.00,5.01,17.60
23:36:36.355,88.00,5.00,5.00,17.60
23:36:36.368,88.00,5.00,5.01,17.40
23:36:36.381,88.00,5.00,5.01,17.40
23:36:36.394,88.00,4.99,4.99,17.40
23:36:36.407,86.00,5.01,5.01,17.30
23:36:36.420,88.00,5.00,5.01,17.40
23:36:36.433,86.00,5.00,5.00,17.30
23:36:36.446,86.00,5.01,5.01,17.60
23:36:36.459,88.00,5.00,5.01,17.50
23:36:36.472,88.00,5.00,5.00,17.50
23:36:36.485,86.00,5.00,5.01,17.40
23:36:36.498,88.00,5.00,5.00,17.40
23:36:36.511,86.00,5.00,5.00,17.30
23:36:36.524,88.00,5.01,5.01,17.50
23:36:36.537,88.00,5.00,5.01,17.70
23:36:36.550,88.00,5.00,5.01,17.50
23:36:36.563,88.00,5.00,5.01,17.60
23:36:36.576,88.00,5.00,5.00,17.40
23:36:36.589,88.00,5.00,5.01,17.30
23:36:36.602,88.00,5.00,5.01,17.30
23:36:36.615,86.00,5.00,5.00,17.30
23:36:36.628,88.00,5.00,5.01,17.50
23:36:36.641,88.00,5.01,5.01,17.50
23:36:36.654,88.00,5.00,5.00,17.40
23:36:36.667,88.00,5.01,5.01,17.40
23:36:36.680,86.00,5.01,5.01,17.20
23:36:36.693,88.00,5.00,5.00,17.60
23:36:36.706,86.00,5.00,5.01,17.50
23:36:36.719,88.00,5.01,5.01,17.50
23:36:36.732,86.00,5.00,5.00,17.30
23:36:36.745,88.00,5.01,5.01,17.50
23:36:36.772,88.00,5.00,5.00,17.40
23:36:36.785,88.00,5.00,5.01,17.40
23:36:36.798,86.00,5.00,5.01,17.30
23:36:36.811,88.00,5.00,5.00,17.30
23:36:36.824,86.00,5.01,5.01,17.30
23:36:36.837,88.00,5.00,5.00,17.70
23:36:36.850,88.00,5.00,5.00,17.40
23:36:36.863,86.00,5.01,5.01,17.30
23:36:36.876,88.00,5.00,5.00,17.40
23:36:36.889,88.00,5.00,5.00,17.50
23:36:36.902,88.00,5.00,5.00,17.40
23:36:36.915,86.00,5.00,5.00,17.40
23:36:36.928,86.00,5.00,5.00,17.30
23:36:36.941,88.00,5.01,5.01,17.70
23:36:36.954,88.00,5.00,5.00,17.40
23:36:36.967,86.00,5.01,5.01,17.30
23:36:36.980,88.00,5.00,5.01,17.60
23:36:36.993,88.00,5.00,5.00,17.20
23:36:37.006,88.00,5.00,5.00,17.60
23:36:37.019,88.00,5.00,5.01,17.50
23:36:37.032,88.00,5.00,5.00,17.50
23:36:37.045,86.00,5.01,5.01,17.20
23:36:37.058,88.00,5.00,5.01,17.40
23:36:37.071,88.00,5.00,5.00,17.50
23:36:37.084,88.00,5.01,5.01,17.50
23:36:37.097,88.00,5.00,5.01,17.60
23:36:37.110,88.00,4.99,4.99,17.50
23:36:37.123,88.00,5.00,5.00,17.40
23:36:37.136,86.00,4.99,4.99,17.40
23:36:37.149,88.00,5.00,5.00,17.70
23:36:37.162,88.00,5.00,5.00,17.30
23:36:37.175,88.00,4.99,4.99,17.70
23:36:37.188,86.00,5.00,5.00,17.40
23:36:37.201,86.00,5.00,5.00,17.20
23:36:37.214,88.00,5.00,5.00,17.60
23:36:37.227,86.00,5.00,5.01,17.30
23:36:37.240,86.00,5.01,5.01,17.60
23:36:37.253,88.00,5.00,5.00,17.50
23:36:37.266,88.00,5.01,5.01,17.50
23:36:37.279,88.00,5.00,5.01,17.50
23:36:37.292,88.00,5.00,5.00,17.40
23:36:37.305,86.00,5.00,5.01,17.40
23:36:37.318,88.00,5.00,5.01,17.40
23:36:37.331,88.00,5.00,5.01,17.40
23:36:37.344,88.00,5.00,5.01,17.40
23:36:37.357,88.00,5.00,5.00,17.40
23:36:37.370,88.00,5.00,5.01,17.40
23:36:37.383,88.00,5.01,5.01,17.50
23:36:37.396,88.00,5.00,5.00,17.70
23:36:37.409,350.00,4.85,4.86,72.50
23:36:37.435,350.00,4.84,4.85,72.50
23:36:37.448,354.00,4.85,4.86,72.60
23:36:37.461,350.00,4.85,4.86,72.50
23:36:37.474,350.00,4.84,4.85,72.50
23:36:37.487,358.00,4.85,4.86,72.90
23:36:37.500,350.00,4.85,4.86,72.60
23:36:37.513,364.00,4.84,4.84,74.90
23:36:37.526,358.00,4.85,4.86,72.40
23:36:37.539,350.00,4.85,4.86,72.60
23:36:37.552,350.00,4.84,4.85,72.60
23:36:37.565,350.00,4.85,4.86,72.50
23:36:37.578,350.00,4.84,4.85,72.40
23:36:37.591,354.00,4.84,4.85,72.60
23:36:37.604,354.00,4.85,4.86,72.70
23:36:37.617,88.00,5.00,5.00,17.60
23:36:37.630,88.00,5.00,5.00,17.60
23:36:37.643,88.00,5.00,5.01,17.40
23:36:37.656,88.00,5.00,5.00,17.20
23:36:37.669,88.00,5.00,5.00,17.40
23:36:37.682,88.00,5.01,5.01,17.60
23:36:37.695,88.00,5.00,5.00,17.40
23:36:37.708,88.00,5.01,5.01,17.50
23:36:37.721,88.00,5.00,5.00,17.40
23:36:37.734,88.00,5.00,5.00,17.80
23:36:37.747,86.00,5.01,5.01,17.30
23:36:37.760,88.00,5.00,5.01,17.30
23:36:37.773,88.00,5.00,5.00,17.40
23:36:37.786,88.00,5.01,5.01,17.70
23:36:37.799,86.00,5.01,5.01,17.30
23:36:37.812,88.00,5.00,5.00,17.50
23:36:37.825,88.00,5.00,5.00,17.40
23:36:37.838,86.00,5.00,5.00,17.40
23:36:37.851,88.00,5.00,5.01,17.40
23:36:37.864,88.00,5.01,5.01,17.70
23:36:37.877,88.00,5.00,5.00,17.50
23:36:37.890,86.00,5.00,5.01,17.10
23:36:37.903,88.00,5.00,5.01,17.40
23:36:37.916,86.00,5.00,5.00,17.20
23:36:37.929,88.00,5.00,5.00,17.50
23:36:37.942,88.00,5.00,5.01,17.50
23:36:37.955,86.00,5.00,5.00,17.30
23:36:37.968,88.00,5.00,5.01,17.60
23:36:37.981,86.00,5.00,5.01,17.50
23:36:37.994,88.00,5.00,5.00,17.40
23:36:38.007,88.00,5.01,5.01,17.50
23:36:38.020,88.00,5.00,5.01,17.30
23:36:38.033,86.00,5.00,5.00,17.30
23:36:38.046,88.00,5.00,5.01,17.50
23:36:38.059,86.00,5.00,5.01,17.60
23:36:38.072,88.00,5.00,5.00,17.50
23:36:38.099,86.00,5.00,5.01,17.30
23:36:38.112,88.00,5.00,5.00,17.60
23:36:38.125,88.00,5.00,5.01,17.40
23:36:38.138,88.00,5.00,5.01,17.50
23:36:38.151,88.00,5.00,5.00,17.60
23:36:38.164,88.00,5.00,5.01,17.50
23:36:38.177,88.00,5.00,5.00,17.40
23:36:38.190,88.00,5.00,5.00,17.40
23:36:38.203,88.00,5.00,5.01,17.50
23:36:38.216,88.00,5.00,5.00,17.50
23:36:38.229,88.00,5.00,5.00,17.40
23:36:38.242,88.00,5.00,5.01,17.70
23:36:38.255,88.00,5.00,5.00,17.50
23:36:38.268,88.00,5.00,5.01,17.50
23:36:38.281,88.00,5.01,5.01,17.40
23:36:38.294,88.00,5.00,5.00,17.40
23:36:38.307,88.00,5.00,5.01,17.50
23:36:38.320,88.00,5.01,5.01,17.50
23:36:38.333,88.00,5.00,5.00,17.50
23:36:38.346,88.00,5.00,5.01,17.50
23:36:38.359,88.00,5.01,5.01,17.60
23:36:38.372,88.00,5.00,5.00,17.50
23:36:38.385,88.00,5.00,5.01,17.40
23:36:38.398,88.00,5.00,5.01,17.70
23:36:38.411,86.00,5.00,5.00,17.50
23:36:38.424,88.00,5.01,5.01,17.40
23:36:38.438,88.00,4.99,4.99,17.30
23:36:38.451,88.00,5.00,5.00,17.60
23:36:38.464,88.00,5.01,5.01,17.40
23:36:38.477,86.00,5.00,5.01,17.40
23:36:38.490,88.00,5.00,5.00,17.40
23:36:38.503,88.00,5.01,5.01,17.40
23:36:38.516,88.00,5.00,5.00,17.50
23:36:38.529,86.00,5.01,5.01,17.30
23:36:38.542,88.00,5.00,5.00,17.50
23:36:38.555,88.00,5.00,5.00,17.50
23:36:38.568,88.00,5.01,5.01,17.60
23:36:38.581,88.00,5.01,5.01,17.40
23:36:38.594,86.00,5.00,5.00,17.40
23:36:38.607,86.00,5.01,5.01,17.30
23:36:38.620,88.00,5.01,5.01,17.30
23:36:38.633,88.00,5.00,5.00,17.50
23:36:38.646,86.00,5.00,5.00,17.30
23:36:38.659,86.00,5.00,5.00,17.60
23:36:38.672,88.00,5.00,5.00,17.40
23:36:38.685,88.00,5.01,5.01,17.50
23:36:38.698,88.00,5.00,5.01,17.50
23:36:38.711,88.00,5.00,5.00,17.40
23:36:38.724,86.00,5.00,5.01,17.30
23:36:38.737,88.00,5.00,5.00,17.60
23:36:38.762,88.00,5.00,5.01,17.50
23:36:38.775,88.00,5.00,5.00,17.50
23:36:38.788,88.00,5.01,5.01,17.60
23:36:38.801,88.00,5.00,5.01,17.60
23:36:38.814,86.00,5.00,5.00,17.20
23:36:38.827,88.00,5.01,5.01,17.50
23:36:38.840,86.00,5.00,5.01,17.50
23:36:38.853,88.00,5.00,5.00,17.50
23:36:38.866,88.00,5.01,5.01,17.40
23:36:38.879,86.00,5.00,5.00,17.60
23:36:38.892,88.00,5.00,5.00,17.40
23:36:38.905,88.00,5.01,5.01,17.50
23:36:38.918,88.00,5.00,5.01,17.50
23:36:38.931,86.00,5.00,5.00,17.30
23:36:38.944,88.00,5.00,5.01,17.50
23:36:38.957,86.00,5.00,5.00,17.30
23:36:38.970,88.00,5.00,5.01,17.50
23:36:38.983,88.00,5.00,5.01,17.40
23:36:38.996,86.00,5.00,5.00,17.30
23:36:39.009,88.00,5.01,5.01,17.60
23:36:39.022,88.00,5.00,5.01,17.20
23:36:39.035,88.00,5.00,5.00,17.50
23:36:39.048,88.00,5.01,5.01,17.30
23:36:39.061,86.00,5.01,5.01,17.20
23:36:39.074,88.00,5.00,5.00,17.50
23:36:39.087,86.00,5.00,5.01,17.60
23:36:39.100,88.00,5.00,5.01,17.40
23:36:39.113,86.00,5.00,5.00,17.30
23:36:39.126,88.00,5.01,5.01,17.30
23:36:39.139,88.00,5.01,5.01,17.40
23:36:39.152,86.00,5.00,5.00,17.20
23:36:39.165,88.00,5.00,5.01,17.60
23:36:39.178,86.00,5.00,5.01,17.30
23:36:39.191,88.00,5.00,5.00,17.30
23:36:39.204,88.00,5.00,5.01,17.40
23:36:39.217,86.00,5.00,5.00,17.30
23:36:39.230,88.00,5.00,5.00,17.50
23:36:39.243,88.00,5.01,5.01,17.40
23:36:39.256,88.00,5.00,5.00,17.40
23:36:39.269,88.00,5.00,5.00,17.50
23:36:39.282,88.00,5.00,5.00,17.50
23:36:39.295,86.00,4.99,4.99,17.30
23:36:39.308,88.00,5.00,5.00,17.40
23:36:39.321,88.00,5.00,5.00,17.40
23:36:39.334,88.00,4.99,4.99,17.80
23:36:39.347,88.00,4.99,4.99,17.50
23:36:39.360,88.00,5.00,5.00,17.50
23:36:39.373,86.00,5.00,5.00,17.40
23:36:39.386,88.00,5.01,5.01,17.50
23:36:39.399,86.00,5.01,5.01,17.30
23:36:39.424,88.00,5.00,5.01,17.40
23:36:39.437,88.00,5.00,5.00,17.50
23:36:39.450,88.00,5.00,5.00,17.40
23:36:39.463,88.00,5.00,5.00,17.50
23:36:39.476,88.00,5.00,5.00,17.70
23:36:39.489,88.00,5.00,5.01,17.40
23:36:39.502,88.00,5.00,5.01,17.40
23:36:39.515,88.00,5.00,5.00,17.60
23:36:39.528,88.00,5.00,5.01,17.40
23:36:39.541,88.00,5.01,5.01,17.40
23:36:39.554,88.00,5.00,5.00,17.50
23:36:39.567,88.00,5.00,5.00,17.50
23:36:39.580,88.00,5.00,5.01,17.40
23:36:39.593,88.00,5.00,5.00,17.50
23:36:39.606,88.00,5.00,5.01,17.50
23:36:39.619,88.00,5.00,5.01,17.40
23:36:39.632,88.00,5.00,5.00,17.50
23:36:39.645,86.00,5.01,5.01,17.20
23:36:39.658,88.00,5.00,5.00,17.30
23:36:39.671,86.00,4.98,4.99,17.40
23:36:39.684,88.00,5.00,5.00,17.40
23:36:39.697,88.00,4.99,4.99,17.30
23:36:39.710,88.00,4.99,4.99,17.50
23:36:39.723,88.00,5.00,5.00,17.60
23:36:39.736,86.00,4.98,4.99,17.50
23:36:39.749,86.00,5.00,5.00,17.30
23:36:39.762,88.00,4.99,4.99,17.50
23:36:39.775,88.00,5.00,5.00,17.40
23:36:39.788,88.00,5.01,5.01,17.70
23:36:39.801,88.00,5.01,5.01,17.60
23:36:39.814,88.00,5.00,5.00,17.60
23:36:39.827,86.00,5.01,5.01,17.30
23:36:39.840,86.00,5.00,5.01,17.60
23:36:39.853,88.00,5.00,5.00,17.40
23:36:39.866,88.00,5.00,5.01,17.50
23:36:39.879,88.00,5.00,5.01,17.60
23:36:39.892,88.00,5.00,5.00,17.50
23:36:39.905,86.00,5.00,5.01,17.30
23:36:39.918,88.00,5.00,5.00,17.20
23:36:39.931,88.00,5.00,5.00,17.70
23:36:39.944,88.00,5.00,5.01,17.30
23:36:39.957,86.00,5.00,5.00,17.30
23:36:39.970,88.00,5.00,5.01,17.40
23:36:39.983,88.00,5.00,5.01,17.60
23:36:39.996,86.00,5.00,5.00,17.20
23:36:40.009,88.00,5.01,5.01,17.70
23:36:40.022,88.00,5.01,5.01,17.60
23:36:40.035,88.00,5.00,5.00,17.60
23:36:40.048,88.00,5.01,5.01,17.60
23:36:40.061,88.00,5.01,5.01,17.50
23:36:40.085,88.00,5.00,5.01,17.70
23:36:40.098,88.00,5.00,5.00,17.60
23:36:40.111,88.00,5.00,5.01,17.50
23:36:40.124,88.00,5.01,5.01,17.40
23:36:40.137,88.00,5.00,5.00,17.40
23:36:40.150,88.00,5.00,5.00,17.70
23:36:40.163,88.00,5.00,5.01,17.40
23:36:40.176,88.00,5.00,5.00,17.60
23:36:40.189,86.00,5.00,5.01,17.20
23:36:40.202,88.00,5.00,5.01,17.40
23:36:40.215,88.00,5.00,5.00,17.60
23:36:40.228,88.00,5.00,5.01,17.50
23:36:40.241,86.00,5.00,5.01,17.30
23:36:40.254,88.00,5.00,5.00,17.50
23:36:40.267,86.00,5.01,5.01,17.50
23:36:40.280,88.00,5.00,5.00,17.60
23:36:40.293,88.00,5.00,5.00,17.60
23:36:40.306,88.00,5.00,5.01,17.40
23:36:40.319,88.00,5.00,5.01,17.50
23:36:40.332,88.00,5.00,5.00,17.50
23:36:40.345,86.00,5.00,5.01,17.30
23:36:40.358,88.00,5.00,5.01,17.40
23:36:40.371,88.00,5.00,5.00,17.50
23:36:40.384,86.00,5.00,5.00,17.40
23:36:40.397,86.00,5.00,5.00,17.30
23:36:40.410,88.00,5.00,5.01,17.70
23:36:40.423,86.00,5.00,5.01,17.30
23:36:40.436,88.00,5.00,5.00,17.50
23:36:40.449,88.00,5.00,5.01,17.40
23:36:40.462,88.00,5.00,5.01,17.40
23:36:40.475,88.00,5.00,5.00,17.50
23:36:40.488,88.00,5.00,5.00,17.70
23:36:40.501,86.00,5.00,5.01,17.30
23:36:40.514,88.00,5.00,5.00,17.80
23:36:40.527,88.00,5.00,5.01,17.30
23:36:40.540,88.00,5.01,5.01,17.40
23:36:40.553,86.00,5.00,5.00,17.60
23:36:40.566,88.00,5.00,5.01,17.50
23:36:40.579,88.00,5.00,5.01,17.40
23:36:40.592,88.00,4.99,4.99,17.50
23:36:40.605,86.00,5.01,5.01,17.20
23:36:40.618,88.00,5.00,5.01,17.50
23:36:40.631,354.00,4.84,4.85,72.60
23:36:40.644,350.00,4.85,4.86,72.60
23:36:40.657,350.00,4.84,4.85,72.90
23:36:40.670,350.00,4.84,4.85,72.70
23:36:40.683,354.00,4.85,4.86,72.70
23:36:40.696,350.00,4.84,4.85,72.70
23:36:40.709,360.00,4.85,4.86,74.30
23:36:40.722,350.00,4.85,4.86,72.60
23:36:40.747,350.00,4.85,4.86,72.50
23:36:40.760,350.00,4.85,4.86,72.70
23:36:40.773,350.00,4.84,4.85,72.60
23:36:40.786,350.00,4.85,4.86,72.60
23:36:40.799,354.00,4.85,4.86,72.60
23:36:40.812,350.00,4.84,4.85,72.30
23:36:40.825,350.00,4.85,4.86,72.60
23:36:40.838,88.00,5.00,5.00,17.80
23:36:40.851,88.00,5.00,5.00,17.40
23:36:40.864,86.00,5.00,5.01,17.60
23:36:40.877,88.00,5.00,5.00,17.40
23:36:40.890,86.00,5.01,5.01,17.10
23:36:40.903,88.00,5.00,5.01,17.50
23:36:40.916,88.00,5.00,5.00,17.50
23:36:40.929,88.00,5.00,5.01,17.40
23:36:40.942,88.00,5.01,5.01,17.60
23:36:40.955,86.00,5.00,5.00,17.30
23:36:40.968,88.00,5.00,5.01,17.60
23:36:40.981,88.00,5.00,5.01,17.40
23:36:40.994,88.00,5.00,5.00,17.40
23:36:41.007,86.00,5.00,5.01,17.40
23:36:41.020,88.00,5.00,5.01,17.40
23:36:41.033,88.00,5.00,5.00,17.40
23:36:41.046,88.00,5.00,5.01,17.50
23:36:41.059,86.00,5.00,5.01,17.30
23:36:41.072,88.00,5.00,5.00,17.40
23:36:41.085,88.00,5.01,5.01,17.50
23:36:41.098,86.00,5.00,5.01,17.30
23:36:41.111,86.00,5.00,5.00,17.30
23:36:41.124,88.00,5.00,5.01,17.50
23:36:41.137,86.00,5.00,5.00,17.30
23:36:41.150,88.00,5.00,5.01,17.50
23:36:41.163,88.00,5.01,5.01,17.60
23:36:41.176,88.00,5.00,5.00,17.50
23:36:41.189,88.00,5.01,5.01,17.40
23:36:41.202,86.00,5.00,5.00,17.10
23:36:41.215,88.00,5.00,5.00,17.40
23:36:41.228,88.00,5.00,5.01,17.40
23:36:41.241,88.00,5.01,5.01,17.70
23:36:41.254,88.00,5.00,5.00,17.40
23:36:41.267,88.00,5.01,5.01,17.40
23:36:41.280,86.00,5.01,5.01,17.30
23:36:41.293,88.00,5.00,5.00,17.70
23:36:41.306,88.00,4.99,4.99,17.50
23:36:41.319,88.00,5.00,5.01,17.40
23:36:41.332,86.00,5.00,5.00,17.40
23:36:41.345,88.00,5.01,5.01,17.40
23:36:41.358,88.00,5.00,5.01,17.60
23:36:41.371,88.00,5.00,5.00,17.30
23:36:41.384,88.00,5.01,5.01,17.50
23:36:41.420,88.00,5.00,5.01,17.60
23:36:41.433,88.00,5.00,5.00,17.50
23:36:41.446,88.00,5.00,5.01,17.60
23:36:41.459,88.00,5.00,5.00,17.40
23:36:41.472,86.00,5.00,5.00,17.50
23:36:41.485,88.00,5.01,5.01,17.40
23:36:41.498,88.00,5.00,5.01,17.50
23:36:41.511,86.00,4.99,4.99,17.70
23:36:41.524,88.00,5.00,5.01,17.40
23:36:41.537,88.00,5.00,5.00,17.50
23:36:41.550,86.00,5.00,5.01,17.50
23:36:41.563,86.00,5.00,5.01,17.30
23:36:41.576,86.00,5.00,5.00,17.10
23:36:41.589,88.00,5.00,5.01,17.50
23:36:41.602,88.00,5.01,5.01,17.40
23:36:41.615,88.00,4.99,4.99,17.50
23:36:41.628,88.00,5.00,5.01,17.40
23:36:41.641,88.00,5.00,5.01,17.70
23:36:41.654,88.00,5.00,5.00,17.40
23:36:41.667,86.00,5.00,5.01,17.30
23:36:41.680,88.00,5.00,5.01,17.50
23:36:41.693,88.00,5.00,5.00,17.70
23:36:41.706,88.00,5.01,5.01,17.40
23:36:41.719,86.00,5.00,5.00,17.30
23:36:41.732,88.00,5.00,5.00,17.50
23:36:41.745,88.00,5.01,5.01,17.40
23:36:41.758,86.00,5.00,5.00,17.40
23:36:41.771,88.00,5.00,5.00,17.40
23:36:41.784,88.00,5.01,5.01,17.60
23:36:41.797,88.00,5.00,5.00,17.50
23:36:41.810,88.00,5.00,5.01,17.50
23:36:41.823,88.00,5.01,5.01,17.60
23:36:41.836,88.00,5.00,5.00,17.30
23:36:41.849,86.00,5.01,5.01,17.20
23:36:41.862,88.00,5.01,5.01,17.60
23:36:41.875,88.00,5.00,5.00,17.30
23:36:41.888,88.00,5.00,5.01,17.70
23:36:41.901,86.00,5.01,5.01,17.40
23:36:41.914,88.00,5.00,5.00,17.40
23:36:41.927,88.00,5.00,5.01,17.50
23:36:41.940,88.00,5.00,5.01,17.20
23:36:41.953,86.00,5.00,5.00,17.30
23:36:41.966,86.00,5.01,5.01,17.30
23:36:41.979,86.00,5.00,5.00,17.50
23:36:41.992,88.00,5.00,5.00,17.40
23:36:42.005,88.00,5.00,5.01,17.60
23:36:42.018,88.00,5.00,5.00,17.40
23:36:42.031,88.00,5.00,5.01,17.50
23:36:42.044,88.00,5.01,5.01,17.60
23:36:42.057,86.00,5.00,5.00,17.40
23:36:42.087,88.00,5.00,5.01,17.30
23:36:42.100,86.00,5.00,5.01,17.20
23:36:42.113,88.00,5.00,5.00,17.60
23:36:42.126,88.00,5.00,5.00,17.40
23:36:42.139,86.00,5.00,5.00,17.30
23:36:42.152,88.00,5.00,5.00,17.40
23:36:42.165,88.00,5.00,5.00,17.40
23:36:42.178,88.00,5.00,5.01,17.50
23:36:42.191,86.00,5.00,5.00,17.30
23:36:42.204,86.00,5.00,5.01,17.20
23:36:42.217,88.00,5.00,5.00,17.60
23:36:42.230,86.00,4.99,4.99,17.50
23:36:42.243,86.00,5.00,5.00,17.30
23:36:42.256,86.00,4.98,4.99,17.40
23:36:42.269,88.00,5.00,5.00,17.40
23:36:42.282,88.00,5.00,5.00,18.00
23:36:42.295,88.00,4.99,4.99,17.50
23:36:42.308,88.00,5.00,5.00,17.70
23:36:42.321,88.00,5.00,5.00,17.50
23:36:42.334,86.00,4.98,4.99,17.50
23:36:42.347,88.00,5.00,5.00,17.40
23:36:42.360,86.00,5.00,5.00,17.30
23:36:42.373,86.00,4.98,4.99,17.40
23:36:42.386,88.00,5.00,5.00,17.60
23:36:42.399,88.00,4.99,4.99,17.50
23:36:42.412,86.00,4.98,4.99,17.50
23:36:42.425,88.00,5.00,5.00,17.40
23:36:42.438,86.00,5.00,5.00,17.50
23:36:42.451,88.00,5.00,5.00,17.30
23:36:42.464,88.00,5.01,5.01,17.50
23:36:42.477,88.00,5.00,5.00,17.50
23:36:42.490,88.00,5.00,5.01,17.60
23:36:42.503,88.00,5.00,5.01,17.50
23:36:42.516,88.00,5.00,5.00,17.40
23:36:42.529,86.00,5.01,5.01,17.30
23:36:42.542,88.00,5.01,5.01,17.50
23:36:42.555,88.00,5.00,5.00,17.60
23:36:42.568,86.00,5.01,5.01,17.30
23:36:42.581,88.00,5.00,5.01,17.30
23:36:42.594,86.00,5.00,5.00,17.50
23:36:42.607,86.00,5.01,5.01,17.30
23:36:42.620,86.00,5.00,5.01,17.40
23:36:42.633,88.00,5.00,5.00,17.50
23:36:42.646,88.00,5.01,5.01,17.40
23:36:42.659,88.00,5.00,5.01,17.50
23:36:42.672,88.00,5.00,5.00,17.80
23:36:42.685,86.00,5.01,5.01,17.30
23:36:42.698,88.00,5.00,5.00,17.60
23:36:42.711,88.00,5.01,5.01,17.40
23:36:42.724,88.00,5.01,5.01,17.40
23:36:42.754,88.00,5.00,5.00,17.50
23:36:42.767,88.00,5.00,5.01,17.20
23:36:42.780,88.00,5.00,5.01,17.50
23:36:42.793,88.00,5.00,5.00,17.60
23:36:42.806,88.00,5.01,5.01,17.40
23:36:42.819,88.00,5.00,5.00,17.60
23:36:42.832,86.00,5.00,5.00,17.40
23:36:42.845,88.00,5.00,5.00,17.40
23:36:42.858,88.00,5.00,5.00,17.50
23:36:42.871,88.00,5.00,5.01,17.30
23:36:42.884,86.00,5.01,5.01,17.20
23:36:42.897,88.00,5.00,5.00,17.60
23:36:42.910,88.00,5.00,5.01,17.40
23:36:42.923,88.00,5.01,5.01,17.50
23:36:42.936,88.00,5.00,5.00,17.60
23:36:42.949,88.00,5.00,5.01,17.40
23:36:42.962,86.00,5.01,5.01,17.30
23:36:42.975,86.00,5.00,5.00,17.60
23:36:42.988,88.00,5.00,5.01,17.40
23:36:43.001,88.00,5.00,5.01,17.40
23:36:43.014,86.00,5.00,5.00,17.60
23:36:43.027,88.00,5.01,5.01,17.40
23:36:43.040,88.00,5.00,5.01,17.40
23:36:43.053,86.00,5.00,5.00,17.40
23:36:43.066,88.00,5.01,5.01,17.70
23:36:43.079,88.00,5.00,5.01,17.60
23:36:43.092,86.00,5.00,5.00,17.60
23:36:43.105,86.00,5.01,5.01,17.30
23:36:43.118,88.00,5.00,5.00,17.40
23:36:43.131,88.00,5.00,5.01,17.30
23:36:43.144,88.00,5.01,5.01,17.40
23:36:43.157,88.00,4.98,4.99,17.40
23:36:43.170,88.00,4.99,4.99,17.70
23:36:43.183,88.00,5.00,5.00,17.60
23:36:43.196,88.00,4.99,4.99,17.20
23:36:43.209,86.00,5.00,5.00,17.20
23:36:43.222,88.00,5.00,5.00,17.50
23:36:43.235,86.00,4.99,4.99,17.50
23:36:43.248,88.00,5.00,5.00,17.40
23:36:43.261,88.00,5.00,5.01,17.50
23:36:43.274,88.00,5.00,5.00,17.40
23:36:43.287,88.00,5.00,5.01,17.50
23:36:43.300,88.00,5.00,5.01,17.50
23:36:43.313,88.00,5.00,5.00,17.70
23:36:43.326,86.00,5.01,5.01,17.30
23:36:43.339,86.00,5.00,5.00,17.30
23:36:43.352,86.00,5.00,5.01,17.20
23:36:43.365,88.00,5.01,5.01,17.40
23:36:43.378,86.00,5.00,5.00,17.60
23:36:43.391,88.00,5.00,5.01,17.60
23:36:43.420,86.00,5.00,5.01,17.40
23:36:43.433,88.00,5.00,5.00,17.40
23:36:43.446,88.00,5.00,5.01,17.40
23:36:43.459,88.00,4.99,4.99,17.60
23:36:43.472,88.00,5.00,5.00,17.50
23:36:43.485,88.00,5.00,5.01,17.40
23:36:43.498,88.00,5.00,5.00,17.50
23:36:43.511,88.00,5.00,5.01,17.70
23:36:43.524,88.00,5.00,5.01,17.40
23:36:43.537,88.00,5.00,5.00,17.40
23:36:43.550,88.00,5.00,5.01,17.70
23:36:43.563,88.00,5.00,5.01,17.40
23:36:43.576,88.00,5.00,5.00,17.50
23:36:43.589,88.00,5.00,5.01,17.40
23:36:43.602,88.00,5.01,5.01,17.50
23:36:43.615,88.00,5.00,5.00,17.60
23:36:43.628,88.00,5.00,5.01,17.40
23:36:43.641,88.00,5.00,5.01,17.50
23:36:43.654,86.00,5.00,5.00,17.50
23:36:43.667,88.00,5.00,5.01,17.60
23:36:43.680,88.00,5.00,5.00,17.40
23:36:43.693,88.00,5.00,5.00,17.50
23:36:43.706,88.00,5.01,5.01,17.40
23:36:43.719,88.00,5.00,5.00,17.60
23:36:43.732,88.00,5.00,5.01,17.40
23:36:43.745,88.00,5.01,5.01,17.40
23:36:43.758,88.00,5.00,5.00,17.70
23:36:43.771,88.00,5.00,5.01,17.50
23:36:43.784,88.00,5.01,5.01,17.40
23:36:43.797,88.00,5.00,5.00,17.50
23:36:43.810,88.00,5.00,5.01,17.40
23:36:43.823,88.00,5.01,5.01,17.60
23:36:43.836,86.00,5.00,5.00,17.70
23:36:43.849,354.00,4.85,4.86,72.80
23:36:43.862,354.00,4.85,4.86,72.80
23:36:43.875,350.00,4.84,4.85,72.70
23:36:43.888,354.00,4.85,4.86,72.70
23:36:43.901,354.00,4.85,4.86,72.40
23:36:43.914,350.00,4.84,4.85,72.70
23:36:43.927,350.00,4.85,4.86,72.60
23:36:43.940,354.00,4.84,4.85,72.60
23:36:43.953,400.00,4.82,4.83,82.70
23:36:43.966,350.00,4.85,4.86,72.40
23:36:43.979,350.00,4.84,4.85,72.60
23:36:43.992,350.00,4.85,4.86,72.50
23:36:44.005,354.00,4.85,4.86,72.70
23:36:44.018,350.00,4.84,4.85,72.70
23:36:44.031,350.00,4.85,4.86,72.60
23:36:44.044,350.00,4.85,4.86,72.80
23:36:44.057,86.00,5.00,5.00,17.30
23:36:44.087,88.00,5.00,5.01,17.50
23:36:44.100,88.00,5.00,5.01,17.50
23:36:44.113,88.00,5.00,5.00,17.60
23:36:44.126,86.00,5.00,5.01,17.30
23:36:44.139,88.00,5.00,5.00,17.50
23:36:44.152,88.00,5.00,5.00,17.30
23:36:44.165,88.00,5.01,5.01,17.70
23:36:44.178,88.00,5.00,5.00,17.40
23:36:44.191,88.00,5.00,5.01,17.60
23:36:44.204,88.00,5.01,5.01,17.50
23:36:44.217,88.00,5.00,5.00,17.40
23:36:44.230,88.00,5.00,5.00,17.70
23:36:44.243,88.00,5.01,5.01,17.40
23:36:44.256,88.00,5.00,5.00,17.50
23:36:44.269,86.00,5.00,5.01,17.30
23:36:44.282,88.00,4.99,4.99,17.50
23:36:44.295,86.00,4.99,4.99,17.50
23:36:44.308,88.00,5.00,5.00,17.70
23:36:44.321,88.00,4.99,4.99,17.40
23:36:44.334,88.00,4.98,4.99,17.50
23:36:44.347,88.00,5.01,5.01,17.40
23:36:44.360,86.00,5.00,5.01,17.40
23:36:44.373,88.00,5.00,5.00,17.40
23:36:44.386,88.00,5.01,5.01,17.50
23:36:44.399,88.00,5.00,5.00,17.50
23:36:44.412,88.00,5.00,5.00,17.40
23:36:44.425,88.00,5.01,5.01,17.60
23:36:44.438,88.00,5.00,5.00,17.40
23:36:44.451,86.00,5.01,5.01,17.10
23:36:44.464,88.00,5.01,5.01,17.40
23:36:44.477,88.00,5.00,5.00,17.10
23:36:44.490,88.00,5.01,5.01,17.50
23:36:44.503,88.00,5.01,5.01,17.50
23:36:44.516,86.00,5.00,5.00,17.30
23:36:44.529,88.00,5.01,5.01,17.40
23:36:44.542,86.00,5.00,5.01,17.70
23:36:44.555,88.00,5.00,5.00,17.60
23:36:44.568,88.00,5.01,5.01,17.40
23:36:44.582,86.00,5.00,5.00,17.50
23:36:44.595,88.00,5.00,5.00,17.40
23:36:44.608,88.00,5.01,5.01,17.60
23:36:44.621,88.00,5.00,5.00,17.30
23:36:44.634,88.00,5.00,5.00,17.60
23:36:44.647,88.00,5.01,5.01,17.40
23:36:44.660,88.00,5.00,5.01,17.60
23:36:44.673,88.00,5.00,5.01,17.40
23:36:44.686,88.00,5.00,5.00,17.20
23:36:44.699,86.00,5.00,5.00,17.10
23:36:44.712,88.00,5.01,5.01,17.60
23:36:44.725,86.00,5.00,5.01,17.60
23:36:44.752,88.00,5.00,5.00,17.60
23:36:44.765,88.00,5.00,5.01,17.40
23:36:44.778,88.00,5.00,5.00,17.60
23:36:44.791,86.00,4.99,4.99,17.50
23:36:44.804,88.00,5.00,5.00,17.40
23:36:44.817,86.00,4.99,4.99,17.20
23:36:44.830,88.00,5.00,5.00,17.50
23:36:44.843,88.00,5.00,5.00,17.60
23:36:44.856,86.00,4.99,4.99,17.30
23:36:44.869,86.00,4.99,4.99,17.60
23:36:44.882,88.00,4.99,4.99,17.70
23:36:44.895,86.00,5.00,5.00,17.40
23:36:44.908,86.00,5.00,5.01,17.60
23:36:44.921,86.00,5.00,5.01,17.20
23:36:44.934,88.00,5.00,5.00,17.70
23:36:44.947,86.00,5.00,5.01,17.30
23:36:44.960,86.00,5.00,5.00,17.30
23:36:44.973,88.00,5.00,5.00,17.60
23:36:44.986,88.00,5.01,5.01,17.60
23:36:44.999,88.00,5.00,5.00,17.40
23:36:45.012,88.00,5.00,5.01,17.30
23:36:45.025,88.00,5.01,5.01,17.40
23:36:45.038,88.00,5.00,5.00,17.50
23:36:45.051,86.00,5.00,5.01,17.40
23:36:45.064,88.00,5.01,5.01,17.40
23:36:45.077,88.00,5.00,5.00,17.10
23:36:45.090,86.00,5.01,5.01,17.30
23:36:45.103,88.00,5.01,5.01,17.40
23:36:45.116,88.00,5.00,5.00,17.20
23:36:45.129,88.00,5.01,5.01,17.50
23:36:45.142,86.00,5.00,5.01,17.20
23:36:45.155,88.00,5.00,5.00,17.40
23:36:45.168,88.00,5.01,5.01,17.50
23:36:45.181,88.00,5.00,5.01,17.40
23:36:45.194,86.00,5.00,5.00,17.50
23:36:45.207,88.00,5.01,5.01,17.50
23:36:45.220,86.00,5.00,5.00,17.40
23:36:45.233,88.00,5.00,5.01,17.40
23:36:45.246,88.00,5.01,5.01,17.40
23:36:45.259,88.00,5.00,5.00,17.40
23:36:45.272,88.00,5.00,5.00,17.40
23:36:45.285,88.00,5.01,5.01,17.50
23:36:45.298,86.00,4.99,4.99,17.40
23:36:45.311,86.00,5.01,5.01,17.30
23:36:45.324,88.00,5.01,5.01,17.40
23:36:45.337,86.00,5.00,5.00,17.50
23:36:45.350,88.00,5.01,5.01,17.70
23:36:45.363,88.00,5.01,5.01,17.50
23:36:45.376,86.00,5.00,5.00,17.30
23:36:45.389,88.00,5.01,5.01,17.70
23:36:45.417,88.00,5.00,5.00,17.40
23:36:45.430,88.00,5.00,5.01,17.50
23:36:45.443,88.00,5.00,5.01,17.70
23:36:45.456,88.00,5.00,5.00,17.40
23:36:45.469,88.00,5.00,5.01,17.30
23:36:45.482,86.00,5.00,5.00,17.70
23:36:45.495,86.00,5.00,5.00,17.30
23:36:45.508,88.00,5.00,5.00,17.40
23:36:45.521,88.00,4.99,4.99,17.50
23:36:45.534,88.00,4.99,4.99,17.50
23:36:45.547,88.00,5.00,5.00,17.70
23:36:45.560,88.00,4.99,4.99,17.50
23:36:45.573,88.00,4.99,4.99,17.50
23:36:45.586,88.00,5.00,5.00,17.50
23:36:45.599,88.00,4.99,4.99,17.50
23:36:45.612,88.00,5.00,5.00,17.50
23:36:45.625,88.00,4.99,4.99,17.50
23:36:45.638,86.00,4.99,4.99,17.30
23:36:45.651,86.00,4.99,4.99,17.30
23:36:45.664,88.00,4.99,4.99,17.50
23:36:45.677,88.00,4.99,4.99,17.50
23:36:45.690,88.00,5.00,5.00,17.60
23:36:45.703,86.00,5.00,5.00,17.20
23:36:45.716,88.00,5.00,5.00,17.60
23:36:45.729,88.00,5.01,5.01,17.70
23:36:45.742,88.00,5.00,5.01,17.50
23:36:45.755,88.00,5.00,5.00,17.50
23:36:45.768,86.00,5.00,5.01,17.70
23:36:45.781,88.00,5.00,5.01,17.60
23:36:45.794,88.00,5.00,5.01,17.20
23:36:45.807,86.00,5.01,5.01,17.30
23:36:45.820,86.00,5.00,5.00,17.20
23:36:45.833,88.00,5.00,5.00,17.50
23:36:45.846,88.00,5.00,5.01,17.50
23:36:45.859,88.00,5.00,5.00,17.40
23:36:45.872,88.00,5.00,5.01,17.40
23:36:45.885,88.00,5.01,5.01,17.60
23:36:45.898,88.00,5.00,5.00,17.50
23:36:45.911,86.00,5.01,5.01,17.40
23:36:45.924,88.00,5.01,5.01,17.50
23:36:45.937,86.00,5.00,5.00,17.60
23:36:45.950,88.00,5.00,5.01,17.50
23:36:45.963,88.00,5.01,5.01,17.50
23:36:45.976,88.00,5.00,5.00,17.50
23:36:45.989,88.00,5.01,5.01,17.40
23:36:46.002,88.00,5.00,5.01,17.60
23:36:46.015,88.00,4.99,4.99,17.50
23:36:46.028,88.00,5.00,5.00,17.40
23:36:46.041,86.00,4.99,4.99,17.30
23:36:46.054,88.00,4.99,4.99,17.40
23:36:46.081,88.00,4.99,4.99,17.60
23:36:46.094,86.00,4.99,4.99,17.30
23:36:46.107,88.00,5.00,5.00,17.50
23:36:46.120,88.00,4.99,4.99,17.50
23:36:46.133,86.00,5.00,5.01,17.30
23:36:46.146,88.00,5.01,5.01,17.50
23:36:46.159,88.00,5.00,5.00,17.60
23:36:46.172,86.00,5.00,5.01,17.30
23:36:46.185,86.00,5.01,5.01,17.30
23:36:46.198,86.00,5.00,5.00,17.00
23:36:46.211,86.00,5.01,5.01,17.00
23:36:46.224,88.00,5.00,5.00,17.30
23:36:46.237,86.00,5.00,5.00,17.30
23:36:46.250,88.00,5.00,5.01,17.40
23:36:46.263,88.00,5.00,5.01,17.60
23:36:46.276,88.00,5.00,5.00,17.50
23:36:46.289,88.00,5.01,5.01,17.50
23:36:46.302,88.00,5.00,5.01,17.40
23:36:46.315,88.00,5.00,5.00,17.40
23:36:46.328,88.00,5.00,5.01,17.70
23:36:46.341,88.00,5.00,5.00,17.60
23:36:46.354,88.00,5.00,5.01,17.60
23:36:46.367,88.00,5.00,5.01,17.60
23:36:46.380,88.00,5.00,5.00,17.40
23:36:46.393,88.00,5.01,5.01,17.50
23:36:46.406,88.00,5.00,5.01,17.60
23:36:46.419,88.00,5.00,5.00,17.40
23:36:46.432,86.00,5.01,5.01,17.30
23:36:46.445,88.00,5.00,5.01,17.40
23:36:46.458,88.00,5.00,5.00,17.50
23:36:46.471,88.00,5.00,5.01,17.70
23:36:46.484,88.00,5.00,5.01,17.30
23:36:46.497,88.00,5.00,5.00,17.40
23:36:46.510,86.00,5.00,5.01,17.30
23:36:46.523,88.00,5.00,5.01,17.40
23:36:46.536,88.00,5.00,5.00,17.50
23:36:46.549,88.00,5.00,5.01,17.60
23:36:46.562,88.00,5.00,5.01,17.70
23:36:46.575,86.00,5.00,5.00,17.30
23:36:46.588,88.00,5.00,5.01,17.70
23:36:46.601,88.00,5.00,5.01,17.40
23:36:46.614,88.00,5.00,5.00,17.60
23:36:46.627,86.00,5.00,5.01,17.50
23:36:46.640,88.00,5.00,5.00,17.60
23:36:46.653,88.00,5.00,5.01,17.40
23:36:46.666,88.00,5.01,5.01,17.60
23:36:46.679,86.00,5.00,5.00,17.30
23:36:46.692,86.00,5.00,5.01,17.40
23:36:46.705,88.00,5.01,5.01,17.70
23:36:46.718,88.00,5.00,5.00,17.60
23:36:46.746,88.00,5.01,5.01,17.50
23:36:46.759,88.00,5.00,5.00,17.40
23:36:46.772,88.00,5.00,5.00,17.50
23:36:46.785,88.00,5.01,5.01,17.50
23:36:46.798,88.00,5.00,5.00,17.50
23:36:46.811,88.00,5.01,5.01,17.60
23:36:46.824,88.00,5.01,5.01,17.70
23:36:46.837,88.00,4.98,4.99,17.60
23:36:46.850,88.00,5.01,5.01,17.50
23:36:46.863,88.00,5.00,5.01,17.50
23:36:46.876,86.00,5.00,5.00,17.50
23:36:46.889,86.00,5.01,5.01,17.20
23:36:46.902,88.00,5.00,5.00,17.60
23:36:46.915,86.00,5.00,5.00,17.30
23:36:46.928,88.00,5.01,5.01,17.50
23:36:46.941,88.00,4.99,4.99,17.20
23:36:46.954,88.00,5.00,5.00,17.40
23:36:46.967,88.00,5.00,5.01,17.60
23:36:46.980,88.00,4.99,4.99,17.30
23:36:46.993,88.00,5.00,5.01,17.60
23:36:47.006,88.00,5.01,5.01,17.40
23:36:47.019,86.00,5.00,5.00,17.30
23:36:47.032,88.00,5.01,5.01,17.50
23:36:47.045,86.00,5.01,5.01,17.40
23:36:47.058,88.00,5.00,5.00,17.50
23:36:47.071,354.00,4.85,4.86,72.70
23:36:47.084,350.00,4.84,4.85,72.70
23:36:47.097,354.00,4.84,4.85,73.10
23:36:47.110,354.00,4.85,4.86,72.70
23:36:47.123,350.00,4.85,4.86,72.50
23:36:47.136,350.00,4.84,4.85,72.70
23:36:47.149,350.00,4.85,4.86,72.60
23:36:47.162,354.00,4.84,4.85,73.00
23:36:47.175,360.00,4.83,4.84,74.80
23:36:47.188,350.00,4.85,4.86,72.70
23:36:47.201,350.00,4.84,4.85,72.40
23:36:47.214,350.00,4.85,4.86,72.70
23:36:47.227,350.00,4.85,4.86,72.50
23:36:47.240,350.00,4.84,4.85,72.70
23:36:47.253,350.00,4.85,4.86,72.50
23:36:47.266,350.00,4.85,4.86,72.60
23:36:47.279,88.00,5.00,5.00,17.40
23:36:47.292,88.00,5.00,5.01,17.40
23:36:47.305,88.00,5.01,5.01,17.70
23:36:47.318,88.00,5.00,5.00,17.30
23:36:47.331,88.00,5.00,5.01,17.50
23:36:47.344,88.00,5.00,5.01,17.60
23:36:47.357,88.00,5.00,5.00,17.50
23:36:47.370,88.00,5.00,5.01,17.40
23:36:47.383,88.00,5.00,5.01,17.70
23:36:47.410,88.00,5.00,5.01,17.70
23:36:47.423,88.00,5.00,5.00,17.40
23:36:47.436,88.00,5.00,5.00,17.70
23:36:47.449,88.00,5.00,5.00,17.50
23:36:47.462,88.00,5.00,5.00,17.50
23:36:47.475,88.00,5.00,5.00,17.50
23:36:47.488,88.00,5.01,5.01,17.70
23:36:47.501,88.00,5.00,5.00,17.50
23:36:47.514,86.00,5.00,5.01,17.30
23:36:47.527,88.00,5.00,5.01,17.50
23:36:47.540,88.00,5.00,5.00,17.40
23:36:47.553,88.00,5.00,5.00,17.60
23:36:47.566,88.00,5.01,5.01,17.40
23:36:47.579,86.00,5.00,5.00,17.50
23:36:47.592,86.00,5.01,5.01,17.30
23:36:47.605,88.00,5.00,5.01,17.40
23:36:47.618,88.00,4.99,4.99,17.50
23:36:47.631,88.00,5.01,5.01,17.70
23:36:47.644,88.00,5.00,5.01,17.40
23:36:47.657,88.00,4.99,4.99,17.50
23:36:47.670,86.00,5.00,5.01,17.30
23:36:47.683,88.00,5.00,5.01,17.70
23:36:47.696,88.00,5.00,5.01,17.50
23:36:47.709,88.00,5.00,5.01,17.40
23:36:47.722,88.00,5.00,5.00,17.60
23:36:47.735,88.00,5.00,5.01,17.40
23:36:47.748,88.00,5.01,5.01,17.50
23:36:47.761,88.00,5.00,5.00,17.50
23:36:47.774,88.00,5.01,5.01,17.50
23:36:47.787,86.00,5.00,5.01,17.60
23:36:47.800,86.00,5.00,5.00,17.30
23:36:47.813,88.00,5.01,5.01,17.40
23:36:47.826,86.00,5.00,5.01,17.30
23:36:47.839,88.00,5.00,5.00,17.60
23:36:47.852,88.00,5.00,5.01,17.40
23:36:47.865,88.00,5.01,5.01,17.40
23:36:47.878,88.00,5.00,5.00,17.40
23:36:47.891,88.00,5.01,5.01,17.40
23:36:47.904,88.00,5.00,5.01,17.50
23:36:47.917,88.00,5.00,5.00,17.40
23:36:47.930,88.00,5.01,5.01,17.70
23:36:47.943,88.00,5.00,5.00,17.60
23:36:47.956,88.00,5.00,5.00,17.50
23:36:47.969,86.00,5.00,5.01,17.40
23:36:47.982,88.00,5.00,5.00,17.60
23:36:47.995,88.00,5.00,5.01,17.50
23:36:48.008,86.00,5.00,5.01,17.20
23:36:48.021,88.00,5.00,5.00,17.50
23:36:48.034,86.00,5.00,5.01,17.60
23:36:48.047,88.00,5.01,5.01,17.50
23:36:48.076,88.00,5.00,5.00,17.60
23:36:48.089,88.00,5.01,5.01,17.40
23:36:48.102,88.00,5.00,5.00,17.40
23:36:48.115,88.00,5.00,5.00,17.40
23:36:48.128,88.00,5.01,5.01,17.70
23:36:48.141,86.00,5.00,5.00,17.60
23:36:48.154,88.00,5.00,5.00,17.50
23:36:48.167,88.00,5.00,5.00,17.50
23:36:48.180,88.00,5.00,5.00,17.20
23:36:48.193,86.00,5.00,5.01,17.30
23:36:48.206,88.00,5.01,5.01,17.50
23:36:48.219,88.00,5.00,5.00,17.30
23:36:48.232,86.00,5.00,5.01,17.20
23:36:48.245,88.00,5.01,5.01,17.50
23:36:48.258,88.00,5.00,5.00,17.50
23:36:48.271,88.00,5.00,5.00,17.50
23:36:48.284,86.00,5.00,5.01,17.60
23:36:48.297,88.00,5.00,5.00,17.20
23:36:48.310,88.00,5.00,5.01,17.50
23:36:48.323,88.00,5.00,5.00,17.30
23:36:48.336,88.00,5.00,5.00,17.40
23:36:48.349,86.00,5.01,5.01,17.30
23:36:48.362,88.00,5.00,5.00,17.60
23:36:48.375,88.00,5.00,5.00,17.50
23:36:48.388,88.00,5.01,5.01,17.60
23:36:48.401,86.00,5.00,5.00,17.40
23:36:48.414,88.00,5.01,5.01,17.60
23:36:48.427,88.00,5.01,5.01,17.50
23:36:48.440,88.00,5.00,5.00,17.60
23:36:48.453,88.00,5.01,5.01,17.60
23:36:48.466,86.00,5.01,5.01,17.40
23:36:48.479,88.00,5.00,5.00,17.60
23:36:48.492,86.00,5.01,5.01,17.30
23:36:48.505,88.00,5.01,5.01,17.30
23:36:48.518,88.00,5.00,5.00,17.60
23:36:48.531,88.00,5.01,5.01,17.40
23:36:48.544,86.00,5.00,5.01,17.60
23:36:48.557,88.00,5.00,5.00,17.60
23:36:48.570,88.00,5.01,5.01,17.50
23:36:48.583,88.00,4.99,4.99,17.70
23:36:48.596,86.00,4.99,4.99,17.40
23:36:48.609,88.00,5.00,5.00,17.70
23:36:48.622,88.00,4.99,4.99,17.50
23:36:48.635,88.00,5.00,5.00,17.70
23:36:48.648,88.00,5.00,5.00,17.50
23:36:48.661,88.00,4.99,4.99,17.60
23:36:48.674,88.00,5.00,5.00,17.40
23:36:48.687,88.00,5.01,5.01,17.60
23:36:48.700,88.00,5.00,5.00,17.70
23:36:48.713,88.00,5.00,5.01,17.40
23:36:48.741,88.00,5.00,5.00,17.40
23:36:48.754,88.00,5.00,5.00,17.30
23:36:48.767,88.00,5.00,5.01,17.70
23:36:48.780,86.00,4.98,4.99,17.40
23:36:48.793,88.00,5.01,5.01,17.30
23:36:48.806,88.00,5.01,5.01,17.50
23:36:48.819,88.00,5.00,5.00,17.60
23:36:48.832,88.00,5.00,5.01,17.40
23:36:48.845,88.00,5.00,5.01,17.40
23:36:48.858,88.00,5.00,5.00,17.60
23:36:48.871,88.00,5.00,5.01,17.80
23:36:48.884,88.00,4.99,4.99,17.40
23:36:48.897,88.00,5.00,5.00,17.40
23:36:48.910,88.00,5.01,5.01,17.50
23:36:48.923,88.00,5.00,5.00,17.50
23:36:48.936,88.00,5.00,5.00,17.40
23:36:48.949,88.00,5.01,5.01,17.50
23:36:48.962,88.00,5.00,5.00,17.50
23:36:48.975,88.00,5.00,5.01,17.20
23:36:48.988,88.00,5.00,5.00,17.40
23:36:49.001,88.00,5.00,5.00,17.60
23:36:49.014,88.00,5.00,5.01,17.70
23:36:49.027,88.00,5.01,5.01,17.60
23:36:49.040,88.00,5.00,5.00,17.40
23:36:49.053,88.00,5.01,5.01,17.50
23:36:49.066,86.00,5.01,5.01,17.30
23:36:49.079,88.00,5.00,5.00,17.30
23:36:49.092,88.00,5.00,5.00,17.60
23:36:49.105,88.00,5.00,5.01,17.50
23:36:49.118,88.00,5.00,5.00,17.40
23:36:49.131,88.00,5.01,5.01,17.50
23:36:49.144,86.00,5.00,5.00,17.60
23:36:49.157,88.00,5.00,5.00,17.70
23:36:49.170,88.00,5.01,5.01,17.60
23:36:49.183,88.00,5.00,5.00,17.30
23:36:49.196,86.00,5.00,5.00,17.20
23:36:49.209,86.00,5.01,5.01,17.20
23:36:49.222,88.00,5.00,5.00,17.60
23:36:49.235,86.00,5.01,5.01,17.20
23:36:49.248,88.00,5.00,5.01,17.60
23:36:49.261,88.00,5.00,5.00,17.60
23:36:49.274,88.00,5.01,5.01,17.50
23:36:49.287,88.00,5.00,5.01,17.40
23:36:49.300,88.00,5.00,5.00,17.20
23:36:49.313,88.00,5.01,5.01,17.40
23:36:49.326,88.00,5.01,5.01,17.80
23:36:49.339,86.00,5.00,5.00,17.20
23:36:49.352,88.00,5.01,5.01,17.50
23:36:49.365,88.00,5.00,5.01,17.60
23:36:49.378,86.00,5.00,5.00,17.30
23:36:49.406,88.00,5.00,5.01,17.40
23:36:49.419,88.00,5.00,5.00,17.50
23:36:49.432,88.00,5.00,5.01,17.50
23:36:49.445,86.00,5.00,5.01,17.30
23:36:49.458,86.00,5.00,5.00,17.30
23:36:49.471,86.00,5.00,5.01,17.50
23:36:49.484,88.00,5.00,5.01,17.50
23:36:49.497,88.00,4.99,4.99,17.50
23:36:49.510,86.00,5.00,5.01,17.50
23:36:49.523,86.00,5.00,5.00,17.30
23:36:49.536,88.00,5.00,5.01,17.40
23:36:49.549,88.00,5.00,5.01,17.60
23:36:49.562,88.00,5.00,5.00,17.50
23:36:49.575,88.00,5.00,5.01,17.80
23:36:49.588,88.00,5.00,5.01,17.60
23:36:49.601,86.00,4.99,4.99,17.40
23:36:49.614,88.00,5.00,5.01,17.60
23:36:49.627,88.00,5.00,5.01,17.60
23:36:49.640,88.00,5.00,5.00,17.50
23:36:49.653,88.00,5.00,5.01,17.50
23:36:49.666,88.00,5.00,5.01,17.60
23:36:49.679,86.00,5.00,5.00,17.30
23:36:49.692,88.00,5.01,5.01,17.30
23:36:49.705,88.00,5.00,5.00,17.60
23:36:49.718,88.00,5.00,5.00,17.60
23:36:49.731,86.00,5.00,5.01,17.40
23:36:49.744,88.00,5.00,5.01,17.40
23:36:49.757,88.00,5.00,5.00,17.40
23:36:49.770,88.00,5.00,5.00,17.40
23:36:49.783,86.00,5.00,5.00,17.30
23:36:49.796,88.00,5.00,5.01,17.40
23:36:49.809,88.00,5.00,5.01,17.60
23:36:49.822,88.00,5.00,5.00,17.60
23:36:49.835,88.00,5.00,5.01,17.30
23:36:49.848,88.00,5.01,5.01,17.50
23:36:49.861,88.00,5.00,5.00,17.40
23:36:49.874,88.00,5.00,5.01,17.30
23:36:49.887,88.00,5.00,5.01,17.40
23:36:49.900,88.00,5.00,5.00,17.30
23:36:49.913,88.00,5.01,5.01,17.50
23:36:49.926,88.00,5.00,5.01,17.60
23:36:49.939,88.00,5.00,5.00,17.30
23:36:49.952,88.00,5.01,5.01,17.70
23:36:49.965,88.00,5.00,5.01,17.50
23:36:49.978,86.00,5.00,5.00,17.30
23:36:49.991,88.00,5.01,5.01,17.50
23:36:50.004,88.00,5.00,5.00,17.60
23:36:50.017,88.00,5.00,5.00,17.70
23:36:50.030,86.00,5.01,5.01,17.30
23:36:50.043,88.00,5.00,5.00,17.30
23:36:50.070,88.00,5.01,5.01,17.60
23:36:50.083,86.00,5.00,5.00,17.70
23:36:50.096,88.00,5.01,5.01,17.70
23:36:50.109,88.00,5.00,5.01,17.80
23:36:50.122,88.00,5.00,5.00,17.50
23:36:50.135,88.00,5.00,5.01,17.50
23:36:50.148,88.00,5.00,5.01,17.50
23:36:50.161,88.00,5.00,5.00,17.60
23:36:50.174,88.00,5.01,5.01,17.40
23:36:50.187,88.00,5.00,5.01,17.30
23:36:50.200,88.00,5.00,5.00,17.70
23:36:50.213,88.00,5.00,5.00,17.50
23:36:50.226,88.00,5.00,5.01,17.60
23:36:50.239,88.00,5.00,5.00,17.50
23:36:50.252,88.00,5.00,5.01,17.60
23:36:50.265,86.00,5.00,5.01,17.50
23:36:50.278,88.00,5.00,5.01,17.70
23:36:50.291,350.00,4.85,4.86,72.70
23:36:50.304,350.00,4.84,4.85,72.50
23:36:50.317,350.00,4.84,4.85,72.70
23:36:50.330,350.00,4.84,4.85,73.80
23:36:50.343,354.00,4.84,4.85,72.80
23:36:50.356,350.00,4.85,4.86,72.50
23:36:50.369,350.00,4.85,4.86,72.60
23:36:50.382,350.00,4.85,4.86,72.70
23:36:50.395,396.00,4.84,4.84,77.90
23:36:50.408,360.00,4.85,4.86,74.50
23:36:50.421,350.00,4.83,4.84,72.40
23:36:50.434,354.00,4.85,4.86,72.60
23:36:50.447,354.00,4.85,4.86,72.90
23:36:50.460,350.00,4.84,4.85,72.70
23:36:50.473,354.00,4.85,4.86,72.90
23:36:50.486,350.00,4.85,4.86,72.40
23:36:50.499,88.00,5.00,5.00,17.60
23:36:50.512,88.00,5.01,5.01,17.60
23:36:50.525,88.00,4.99,4.99,17.70
23:36:50.538,88.00,5.00,5.00,17.60
23:36:50.551,88.00,5.01,5.01,17.50
23:36:50.564,88.00,5.00,5.00,17.60
23:36:50.577,88.00,5.00,5.00,17.40
23:36:50.590,88.00,5.01,5.01,17.50
23:36:50.603,88.00,5.00,5.00,17.70
23:36:50.616,86.00,5.00,5.00,17.10
23:36:50.629,88.00,5.01,5.01,17.50
23:36:50.642,86.00,5.00,5.00,17.60
23:36:50.655,86.00,5.01,5.01,17.30
23:36:50.668,88.00,5.01,5.01,17.70
23:36:50.681,88.00,5.00,5.00,17.30
23:36:50.694,88.00,5.01,5.01,17.40
23:36:50.707,88.00,5.01,5.01,17.60
23:36:50.736,88.00,5.01,5.01,17.50
23:36:50.749,88.00,5.00,5.01,17.40
23:36:50.762,88.00,5.00,5.00,17.40
23:36:50.775,88.00,5.00,5.01,17.50
23:36:50.788,86.00,5.00,5.01,17.40
23:36:50.801,88.00,5.00,5.00,17.40
23:36:50.814,88.00,5.00,5.01,17.50
23:36:50.827,86.00,5.00,5.00,17.50
23:36:50.840,86.00,5.00,5.00,17.30
23:36:50.853,88.00,5.01,5.01,17.30
23:36:50.866,86.00,5.00,5.01,17.30
23:36:50.879,88.00,5.00,5.00,17.50
23:36:50.892,86.00,5.00,5.01,17.50
23:36:50.905,88.00,5.00,5.00,17.50
23:36:50.918,88.00,5.00,5.00,17.40
23:36:50.931,86.00,5.00,5.00,17.30
23:36:50.944,88.00,5.00,5.00,17.60
23:36:50.957,88.00,5.00,5.01,17.40
23:36:50.970,88.00,5.00,5.01,17.60
23:36:50.983,88.00,5.00,5.00,17.60
23:36:50.996,86.00,5.00,5.01,17.50
23:36:51.009,88.00,5.01,5.01,17.50
23:36:51.022,88.00,5.00,5.00,17.40
23:36:51.035,88.00,5.00,5.00,17.40
23:36:51.048,88.00,5.01,5.01,17.40
23:36:51.061,88.00,5.00,5.00,17.60
23:36:51.074,88.00,5.00,5.01,17.50
23:36:51.087,88.00,5.00,5.01,17.50
23:36:51.100,88.00,5.00,5.00,17.40
23:36:51.113,88.00,5.00,5.01,17.30
23:36:51.126,88.00,5.00,5.01,17.60
23:36:51.139,86.00,4.99,4.99,17.30
23:36:51.152,88.00,5.00,5.00,17.60
23:36:51.165,88.00,4.99,4.99,17.40
23:36:51.178,88.00,4.99,4.99,17.30
23:36:51.191,88.00,5.00,5.00,17.50
23:36:51.204,88.00,4.99,4.99,17.60
23:36:51.217,86.00,4.99,4.99,17.30
23:36:51.230,88.00,5.00,5.00,17.50
23:36:51.243,88.00,5.00,5.00,17.50
23:36:51.256,88.00,5.00,5.01,17.40
23:36:51.269,88.00,5.01,5.01,17.60
23:36:51.282,86.00,5.00,5.00,17.60
23:36:51.295,86.00,5.00,5.01,17.20
23:36:51.308,88.00,5.01,5.01,17.50
23:36:51.321,86.00,5.00,5.00,17.50
23:36:51.334,86.00,5.01,5.01,17.30
23:36:51.347,86.00,5.01,5.01,17.30
23:36:51.360,88.00,5.00,5.00,17.40
23:36:51.373,88.00,5.01,5.01,17.50
23:36:51.401,88.00,5.00,5.00,17.30
23:36:51.414,88.00,5.00,5.01,17.60
23:36:51.427,88.00,5.01,5.01,17.50
23:36:51.440,88.00,4.99,4.99,17.70
23:36:51.453,88.00,5.00,5.01,17.50
23:36:51.466,88.00,5.00,5.00,17.30
23:36:51.479,88.00,5.00,5.00,17.40
23:36:51.492,88.00,5.01,5.01,17.60
23:36:51.505,86.00,5.00,5.00,17.40
23:36:51.518,88.00,5.01,5.01,17.50
23:36:51.531,88.00,5.00,5.01,17.70
23:36:51.544,88.00,4.99,4.99,17.40
23:36:51.557,88.00,5.01,5.01,17.80
23:36:51.570,88.00,5.00,5.01,17.50
23:36:51.583,88.00,5.00,5.00,17.40
23:36:51.596,88.00,5.00,5.01,17.40
23:36:51.609,88.00,5.01,5.01,17.50
23:36:51.622,88.00,5.00,5.00,17.60
23:36:51.635,88.00,5.01,5.01,17.70
23:36:51.648,88.00,5.00,5.00,17.70
23:36:51.661,88.00,5.00,5.00,17.40
23:36:51.674,86.00,5.01,5.01,17.60
23:36:51.687,88.00,5.00,5.01,17.50
23:36:51.700,88.00,5.00,5.00,17.40
23:36:51.713,88.00,5.01,5.01,17.40
23:36:51.726,88.00,5.00,5.00,17.40
23:36:51.739,88.00,5.00,5.00,17.80
23:36:51.752,88.00,5.00,5.00,17.30
23:36:51.765,88.00,5.00,5.00,17.50
23:36:51.778,86.00,5.00,5.01,17.30
23:36:51.791,88.00,5.00,5.01,17.50
23:36:51.804,88.00,5.00,5.00,17.50
23:36:51.817,86.00,5.00,5.01,17.50
23:36:51.830,88.00,5.01,5.01,17.40
23:36:51.843,88.00,5.00,5.00,17.60
23:36:51.856,86.00,5.00,5.00,17.40
23:36:51.869,88.00,5.00,5.01,17.50
23:36:51.882,88.00,5.00,5.00,17.50
23:36:51.895,88.00,5.00,5.01,17.40
23:36:51.908,88.00,5.01,5.01,17.90
23:36:51.921,86.00,5.00,5.01,17.10
23:36:51.934,86.00,5.01,5.01,17.20
23:36:51.947,86.00,5.00,5.01,17.20
23:36:51.960,86.00,5.00,5.00,17.30
23:36:51.973,88.00,5.01,5.01,17.30
23:36:51.986,88.00,5.00,5.00,17.50
23:36:51.999,88.00,5.00,5.00,17.40
23:36:52.012,88.00,5.01,5.01,17.40
23:36:52.025,88.00,5.00,5.01,17.40
23:36:52.038,88.00,5.00,5.00,17.20
23:36:52.067,88.00,5.00,5.01,17.50
23:36:52.080,88.00,5.00,5.00,17.50
23:36:52.093,88.00,5.01,5.01,17.50
23:36:52.106,88.00,5.00,5.01,17.50
23:36:52.119,86.00,5.00,5.00,17.20
23:36:52.132,86.00,5.01,5.01,17.30
23:36:52.145,88.00,5.00,5.00,17.60
23:36:52.158,88.00,4.99,4.99,17.60
23:36:52.171,88.00,5.01,5.01,17.50
23:36:52.184,88.00,5.00,5.00,17.40
23:36:52.197,88.00,5.00,5.01,17.50
23:36:52.210,88.00,5.01,5.01,17.50
23:36:52.223,88.00,5.00,5.00,17.40
23:36:52.236,88.00,5.00,5.01,17.40
23:36:52.249,88.00,5.01,5.01,17.20
23:36:52.262,86.00,4.99,4.99,17.30
23:36:52.275,88.00,5.01,5.01,17.50
23:36:52.288,88.00,5.00,5.01,17.40
23:36:52.301,88.00,5.00,5.00,17.70
23:36:52.314,86.00,5.01,5.01,17.20
23:36:52.327,86.00,5.00,5.00,17.30
23:36:52.340,88.00,5.00,5.00,17.50
23:36:52.353,88.00,5.01,5.01,17.50
23:36:52.366,88.00,4.99,4.99,17.60
23:36:52.379,86.00,5.00,5.01,17.30
23:36:52.392,88.00,5.01,5.01,17.70
23:36:52.405,86.00,5.00,5.00,17.60
23:36:52.418,88.00,5.01,5.01,17.40
23:36:52.431,88.00,5.00,5.01,17.50
23:36:52.444,88.00,5.00,5.00,17.60
23:36:52.457,88.00,5.01,5.01,17.40
23:36:52.470,88.00,5.00,5.00,17.60
23:36:52.483,86.00,5.00,5.00,17.30
23:36:52.496,88.00,5.01,5.01,17.70
23:36:52.509,88.00,5.00,5.01,17.30
23:36:52.522,88.00,5.00,5.00,17.40
23:36:52.535,88.00,5.01,5.01,17.60
23:36:52.548,88.00,5.00,5.01,17.50
23:36:52.561,88.00,5.00,5.00,17.60
23:36:52.574,88.00,5.00,5.01,17.30
23:36:52.587,86.00,5.00,5.01,17.30
23:36:52.600,86.00,5.00,5.01,17.20
23:36:52.613,88.00,5.00,5.01,17.30
23:36:52.626,88.00,5.00,5.01,17.40
23:36:52.639,88.00,5.00,5.01,17.40
23:36:52.652,88.00,5.01,5.01,17.50
23:36:52.665,88.00,5.00,5.00,17.70
23:36:52.678,88.00,5.00,5.01,17.60
23:36:52.691,88.00,5.00,5.01,17.40
23:36:52.704,86.00,5.00,5.00,17.30
23:36:52.731,88.00,5.00,5.01,17.40
23:36:52.744,86.00,5.00,5.00,17.20
23:36:52.757,88.00,5.00,5.01,17.60
23:36:52.770,86.00,5.01,5.01,17.30
23:36:52.783,88.00,5.00,5.00,17.70
23:36:52.796,86.00,5.00,5.01,17.50
23:36:52.809,86.00,5.00,5.01,17.20
23:36:52.822,88.00,5.00,5.00,17.50
23:36:52.835,88.00,5.00,5.01,17.50
23:36:52.848,88.00,5.00,5.01,17.40
23:36:52.861,88.00,5.00,5.00,17.50
23:36:52.874,86.00,5.00,5.01,17.30
23:36:52.887,88.00,5.00,5.00,17.40
23:36:52.900,88.00,5.00,5.00,17.40
23:36:52.913,86.00,5.01,5.01,17.10
23:36:52.926,88.00,5.00,5.00,17.50
23:36:52.939,86.00,5.00,5.00,17.40
23:36:52.952,88.00,5.00,5.01,17.50
23:36:52.965,88.00,5.00,5.00,17.10
23:36:52.978,86.00,4.99,4.99,17.40
23:36:52.991,86.00,5.00,5.01,17.30
23:36:53.004,88.00,5.00,5.00,17.40
23:36:53.017,86.00,5.01,5.01,17.10
23:36:53.030,88.00,5.00,5.01,17.60
23:36:53.043,86.00,5.00,5.00,17.40
23:36:53.056,86.00,5.01,5.01,17.30
23:36:53.069,88.00,5.01,5.01,17.50
23:36:53.082,88.00,4.99,4.99,17.50
23:36:53.095,88.00,5.01,5.01,17.40
23:36:53.108,88.00,5.00,5.01,18.00
23:36:53.121,88.00,5.00,5.00,17.40
23:36:53.134,88.00,5.01,5.01,17.50
23:36:53.147,86.00,5.00,5.00,17.60
23:36:53.160,88.00,5.00,5.00,17.50
23:36:53.173,88.00,5.01,5.01,17.50
23:36:53.186,88.00,4.99,4.99,17.50
23:36:53.199,88.00,5.01,5.01,17.50
23:36:53.212,88.00,5.01,5.01,17.50
23:36:53.225,88.00,5.00,5.00,17.50
23:36:53.238,88.00,5.01,5.01,17.60
23:36:53.251,88.00,5.01,5.01,17.60
23:36:53.264,88.00,5.00,5.00,17.50
23:36:53.277,88.00,5.01,5.01,17.50
23:36:53.290,88.00,5.00,5.00,17.50
23:36:53.303,88.00,5.00,5.00,17.50
23:36:53.316,88.00,5.01,5.01,17.40
23:36:53.329,88.00,5.00,5.01,17.40
23:36:53.342,86.00,5.00,5.00,17.30
23:36:53.355,88.00,5.01,5.01,17.50
23:36:53.368,88.00,5.00,5.01,17.50
23:36:53.405,88.00,5.00,5.00,17.50
23:36:53.418,88.00,5.01,5.01,17.60
23:36:53.431,88.00,5.00,5.01,17.60
23:36:53.444,88.00,5.00,5.00,17.50
23:36:53.457,88.00,5.01,5.01,17.50
23:36:53.470,88.00,5.00,5.01,17.30
23:36:53.483,88.00,5.00,5.00,17.50
23:36:53.496,88.00,5.00,5.01,17.40
23:36:53.509,396.00,4.89,4.89,81.10
23:36:53.522,354.00,4.84,4.85,72.80
23:36:53.535,350.00,4.85,4.86,72.90
23:36:53.548,354.00,4.84,4.85,72.80
23:36:53.561,350.00,4.84,4.85,72.60
23:36:53.574,350.00,4.85,4.86,72.70
23:36:53.587,350.00,4.84,4.85,72.40
23:36:53.600,350.00,4.85,4.86,72.60
23:36:53.613,364.00,4.83,4.84,78.00
23:36:53.626,364.00,4.84,4.84,75.20
23:36:53.639,350.00,4.85,4.86,72.90
23:36:53.652,354.00,4.85,4.86,72.70
23:36:53.665,350.00,4.84,4.85,72.60
23:36:53.678,350.00,4.85,4.86,72.60
23:36:53.691,354.00,4.85,4.86,72.80
23:36:53.704,350.00,4.84,4.84,72.60
23:36:53.717,88.00,4.84,4.85,73.50
23:36:53.730,88.00,5.00,5.00,17.80
23:36:53.743,88.00,4.99,4.99,17.30
23:36:53.756,88.00,5.00,5.00,17.50
23:36:53.769,86.00,5.00,5.00,17.30
23:36:53.782,88.00,4.99,4.99,17.30
23:36:53.795,88.00,5.00,5.00,17.60
23:36:53.808,88.00,5.00,5.01,17.60
23:36:53.821,88.00,5.00,5.00,17.70
23:36:53.834,88.00,5.01,5.01,17.40
23:36:53.847,88.00,5.00,5.00,17.60
23:36:53.860,86.00,5.00,5.00,17.40
23:36:53.873,88.00,5.01,5.01,17.60
23:36:53.886,86.00,5.00,5.00,17.70
23:36:53.899,88.00,5.00,5.00,17.60
23:36:53.912,88.00,5.01,5.01,17.50
23:36:53.925,88.00,5.00,5.00,17.40
23:36:53.938,88.00,5.01,5.01,17.40
23:36:53.951,88.00,5.01,5.01,17.40
23:36:53.964,88.00,5.00,5.00,17.40
23:36:53.977,88.00,5.01,5.01,17.50
23:36:53.990,88.00,5.00,5.01,17.50
23:36:54.003,86.00,4.99,4.99,17.80
23:36:54.016,88.00,5.01,5.01,17.70
23:36:54.029,86.00,5.00,5.01,17.50
23:36:54.042,88.00,5.00,5.00,17.60
23:36:54.071,88.00,5.00,5.01,17.50
23:36:54.084,88.00,5.00,5.00,17.80
23:36:54.097,88.00,5.01,5.01,17.40
23:36:54.110,86.00,5.01,5.01,17.40
23:36:54.123,88.00,5.00,5.00,17.40
23:36:54.136,88.00,5.01,5.01,17.60
23:36:54.149,86.00,5.00,5.01,17.30
23:36:54.162,88.00,5.00,5.00,17.40
23:36:54.175,88.00,5.00,5.01,17.40
23:36:54.188,86.00,5.00,5.01,17.20
23:36:54.201,88.00,5.00,5.00,17.40
23:36:54.214,88.00,5.00,5.01,17.50
23:36:54.227,86.00,5.00,5.00,17.30
23:36:54.240,88.00,5.00,5.01,17.40
23:36:54.253,88.00,5.00,5.01,17.50
23:36:54.266,88.00,5.00,5.00,17.60
23:36:54.279,88.00,5.00,5.01,17.40
23:36:54.292,88.00,5.00,5.01,17.50
23:36:54.305,88.00,5.00,5.00,17.60
23:36:54.318,88.00,5.00,5.01,17.30
23:36:54.331,88.00,5.01,5.01,17.50
23:36:54.344,88.00,5.00,5.00,17.40
23:36:54.357,88.00,5.01,5.01,17.50
23:36:54.370,86.00,5.01,5.01,17.30
23:36:54.383,88.00,5.00,5.00,17.60
23:36:54.396,88.00,5.00,5.01,17.50
23:36:54.409,88.00,5.00,5.01,17.40
23:36:54.422,88.00,5.00,5.00,17.30
23:36:54.435,88.00,5.00,5.01,17.60
23:36:54.448,88.00,5.00,5.00,17.60
23:36:54.461,88.00,5.00,5.00,17.50
23:36:54.474,88.00,5.00,5.01,17.50
23:36:54.487,88.00,5.00,5.00,17.40
23:36:54.500,86.00,5.00,5.00,17.40
23:36:54.513,88.00,5.01,5.01,17.40
23:36:54.526,88.00,5.00,5.00,17.50
23:36:54.539,88.00,5.00,5.01,17.60
23:36:54.552,88.00,5.01,5.01,17.50
23:36:54.565,86.00,5.00,5.00,17.60
23:36:54.578,88.00,5.00,5.01,17.50
23:36:54.591,88.00,5.01,5.01,17.50
23:36:54.604,88.00,5.00,5.00,17.40
23:36:54.617,86.00,5.00,5.00,17.20
23:36:54.630,88.00,5.01,5.01,17.40
23:36:54.643,88.00,5.00,5.00,17.40
23:36:54.656,88.00,5.01,5.01,17.50
23:36:54.669,86.00,5.00,5.01,17.30
23:36:54.682,88.00,5.00,5.00,17.60
23:36:54.695,88.00,5.01,5.01,17.50
23:36:54.708,88.00,5.00,5.00,18.70
23:36:54.737,88.00,5.01,5.01,17.50
23:36:54.750,88.00,5.00,5.01,17.50
23:36:54.763,88.00,5.00,5.01,17.60
23:36:54.776,88.00,5.00,5.01,17.60
23:36:54.789,88.00,5.00,5.00,17.70
23:36:54.802,86.00,5.00,5.01,17.30
23:36:54.815,88.00,5.00,5.01,17.60
23:36:54.828,88.00,5.00,5.00,17.60
23:36:54.841,88.00,5.00,5.01,17.50
23:36:54.854,88.00,5.00,5.01,17.20
23:36:54.867,88.00,5.00,5.00,17.50
23:36:54.880,88.00,5.01,5.01,17.60
23:36:54.893,88.00,5.00,5.01,17.40
23:36:54.906,88.00,5.00,5.00,17.40
23:36:54.919,86.00,5.00,5.01,17.30
23:36:54.932,88.00,5.00,5.01,17.40
23:36:54.945,88.00,5.00,5.00,17.40
23:36:54.958,86.00,5.00,5.01,17.70
23:36:54.971,88.00,5.00,5.01,17.50
23:36:54.984,86.00,5.00,5.00,17.30
23:36:54.997,88.00,5.00,5.01,17.20
23:36:55.010,88.00,5.00,5.01,17.50
23:36:55.023,88.00,5.00,5.00,17.40
23:36:55.036,88.00,5.00,5.01,17.50
23:36:55.049,88.00,5.01,5.01,17.50
23:36:55.062,88.00,5.00,5.01,17.40
23:36:55.075,88.00,5.00,5.01,17.60
23:36:55.088,86.00,5.00,5.01,17.30
23:36:55.101,88.00,5.00,5.01,17.50
23:36:55.114,88.00,5.00,5.01,17.60
23:36:55.127,88.00,5.00,5.01,17.40
23:36:55.140,86.00,5.00,5.01,17.30
23:36:55.153,88.00,5.00,5.01,17.50
23:36:55.166,86.00,5.00,5.01,17.30
23:36:55.179,88.00,5.00,5.01,17.70
23:36:55.192,86.00,5.01,5.01,17.30
23:36:55.205,86.00,5.00,5.00,17.30
23:36:55.218,86.00,5.00,5.01,17.50
23:36:55.231,88.00,5.00,5.00,17.90
23:36:55.244,88.00,5.00,5.00,17.30
23:36:55.257,88.00,5.00,5.01,17.50
23:36:55.270,88.00,5.01,5.01,17.70
23:36:55.283,88.00,5.00,5.00,17.70
23:36:55.296,88.00,5.00,5.01,17.60
23:36:55.309,88.00,5.00,5.00,17.50
23:36:55.322,88.00,5.00,5.00,17.40
23:36:55.335,88.00,5.00,5.00,17.40
23:36:55.348,88.00,5.00,5.01,17.50
23:36:55.361,88.00,5.00,5.01,17.40
23:36:55.374,88.00,5.01,5.01,17.60
